user_id,order_id,order_date,item_price,quantity,city,category,channel
103,1119,2024-01-01 00:00:00,143.18,3.0,,Beauty,WEB
180,974,2024-01-01 00:45:00,173.3,3.0,Bquilla,Electrncs,App
93,903,2024-01-01 01:30:00,200.74,1.0,Medellin,Home,WEB
15,1234,2024-01-01 02:15:00,52.44,3.0,Medellin,Beauty,app
107,1033,2024-01-01 03:00:00,44.37,2.0,Cali,Unknown,App
72,1017,2024-01-01 03:45:00,28.83,1.0,Barranquilla,Electrncs,WEB
189,1268,2024-01-01 04:30:00,160.2,3.0,Barranquilla,Unknown,app
21,993,2024-01-01 05:15:00,177.5,5.0,Bogota,,
103,1385,2024-01-01 06:00:00,10.8,6.0,bogotá,Electrncs,Web
122,1334,2024-01-01 06:45:00,234.24,3.0,Medellin,Beauty,
211,961,2024-01-01 07:30:00,,2.0,bogotá,Home,WEB
215,1340,1900-13-40 99:99:99,,4.0,Barranquilla,Home,Web
75,1093,2024-01-01 09:00:00,178.14,3.0,Barranquilla,Beauty,app
203,1234,2024-01-01 09:45:00,218.13,4.0,MEDELLIN,Beauty,app
88,1102,2024-01-01 10:30:00,,5.0,Bquilla,Beauty,app
117,1291,2024-01-01 11:15:00,201.03,3.0,Bogota,Fashion,
100,925,2024-01-01 12:00:00,86.84,1.0,MEDELLIN,Electrncs,App
104,1334,2024-01-01 12:45:00,,4.0,Bquilla,Home,App
152,1072,2024-01-01 13:30:00,22.79,5.0,MEDELLIN,Electrncs,App
131,1199,2024-01-01 14:15:00,224.02,,MEDELLIN,Unknown,App
150,1032,2024-01-01 15:00:00,138.26,1.0,Bogota,,
53,1225,2024-01-01 15:45:00,204.87,1.0,Bogota,,WEB
2,1309,1900-13-40 99:99:99,114.72,1.0,Cali,Beauty,
88,1017,2024-01-01 17:15:00,,3.0,bogotá,Grocery,
158,1223,2024-01-01 18:00:00,133.02,6.0,bogotá,Beauty,WEB
38,1174,2024-01-01 18:45:00,183.7,,Cali,Beauty,WEB
130,1111,2024-01-01 19:30:00,23.16,3.0,,Fashion,App
192,1124,2024-01-01 20:15:00,,5.0,Barranquilla,Electrncs,app
188,919,2024-01-01 21:00:00,,5.0,Bquilla,Home,WEB
21,1012,2024-01-01 21:45:00,,6.0,,Beauty,app
161,1039,2024-01-01 22:30:00,218.33,5.0,Cali,Home,WEB
204,946,2024-01-01 23:15:00,57.15,2.0,Medellin,,WEB
58,900,2024-01-02 00:00:00,244.04,,bogotá,Unknown,App
22,989,2024-01-02 00:45:00,86.21,5.0,Cali,Electrncs,WEB
89,1041,2024-01-02 01:30:00,47.98,6.0,Medellin,Home,Web
49,1219,2024-01-02 02:15:00,198.06,3.0,,Grocery,Web
219,937,1900-13-40 99:99:99,,3.0,,Unknown,App
59,1192,2024-01-02 03:45:00,126.05,6.0,Barranquilla,,app
170,1281,2024-01-02 04:30:00,140.17,,Barranquilla,Beauty,app
220,1038,2024-01-02 05:15:00,180.64,2.0,Medellin,Unknown,app
188,1255,2024-01-02 06:00:00,59.43,6.0,Bquilla,Home,Web
208,1232,2024-01-02 06:45:00,249.09,5.0,,Unknown,app
15,1390,2024-01-02 07:30:00,243.77,4.0,MEDELLIN,,app
190,1158,2024-01-02 08:15:00,163.63,2.0,,,App
190,1060,2024-01-02 09:00:00,52.29,1.0,,Electrncs,app
175,1289,2024-01-02 09:45:00,171.02,3.0,MEDELLIN,Grocery,Web
190,1077,2024-01-02 10:30:00,20.83,6.0,Medellin,,Web
51,909,2024-01-02 11:15:00,,,bogotá,Fashion,
108,1160,2024-01-02 12:00:00,66.65,,Bquilla,,App
55,1306,2024-01-02 12:45:00,,3.0,,Unknown,App
64,1037,2024-01-02 13:30:00,217.46,3.0,,,WEB
131,1071,2024-01-02 14:15:00,182.61,2.0,Barranquilla,Home,app
229,1285,2024-01-02 15:00:00,186.45,2.0,,Unknown,App
51,912,2024-01-02 15:45:00,108.1,12.0,bogotá,Home,Web
135,1067,2024-01-02 16:30:00,88.45,6.0,,,
21,1029,2024-01-02 17:15:00,94.65,3.0,Bogota,Electrncs,App
73,983,1900-13-40 99:99:99,246.95,1.0,Bogota,Home,App
167,1220,2024-01-02 18:45:00,12.91,4.0,,Electronics,App
18,1218,1900-13-40 99:99:99,217.16,1.0,Bquilla,Electrncs,
132,1000,2024-01-02 20:15:00,145.93,5.0,MEDELLIN,Fashion,Web
89,1228,2024-01-02 21:00:00,111.34,1.0,,,
60,1172,2024-01-02 21:45:00,182.14,5.0,Cali,Unknown,WEB
14,1164,2024-01-02 22:30:00,123.21,,Bquilla,Unknown,
9,1358,2024-01-02 23:15:00,218.74,5.0,Bogota,Home,Web
90,1298,2024-01-03 00:00:00,,4.0,MEDELLIN,,Web
53,1307,2024-01-03 00:45:00,,1.0,Bogota,Electrncs,App
130,937,2024-01-03 01:30:00,,,bogotá,Electronics,
84,1318,2024-01-03 02:15:00,149.31,4.0,bogotá,,app
92,993,2024-01-03 03:00:00,228.35,3.0,Cali,Electronics,
111,994,2024-01-03 03:45:00,55.03,2.0,Cali,,App
188,1204,2024-01-03 04:30:00,156.87,1.0,Barranquilla,Grocery,App
199,968,2024-01-03 05:15:00,159.0,2.0,Bquilla,,Web
172,1217,2024-01-03 06:00:00,184.08,,bogotá,Beauty,Web
8,1343,2024-01-03 06:45:00,35.5,6.0,MEDELLIN,Home,
175,1135,2024-01-03 07:30:00,179.81,4.0,Bogota,Electrncs,Web
35,1333,2024-01-03 08:15:00,227.53,6.0,Medellin,Unknown,app
206,1233,2024-01-03 09:00:00,47.38,6.0,,,App
81,1272,2024-01-03 09:45:00,61.67,3.0,Medellin,Beauty,Web
164,1275,2024-01-03 10:30:00,242.93,3.0,MEDELLIN,Unknown,app
50,1358,2024-01-03 11:15:00,47.7,3.0,Cali,Grocery,
104,1036,2024-01-03 12:00:00,214.03,6.0,Medellin,Home,Web
132,1317,2024-01-03 12:45:00,,4.0,,Beauty,Web
2,975,2024-01-03 13:30:00,64.07,5.0,,Home,App
134,1382,2024-01-03 14:15:00,218.08,5.0,Bogota,Grocery,WEB
54,934,2024-01-03 15:00:00,112.99,2.0,,Beauty,Web
106,900,2024-01-03 15:45:00,130.16,5.0,MEDELLIN,Grocery,app
4,1195,2024-01-03 16:30:00,91.73,5.0,Barranquilla,Electronics,App
54,1219,2024-01-03 17:15:00,149.46,3.0,Cali,Grocery,App
221,1305,2024-01-03 18:00:00,43.39,3.0,bogotá,Electrncs,app
191,959,1900-13-40 99:99:99,99.6,,Bogota,Electrncs,Web
146,1219,2024-01-03 19:30:00,,2.0,Bquilla,,WEB
218,1248,2024-01-03 20:15:00,,1.0,Bquilla,Fashion,Web
44,1227,2024-01-03 21:00:00,,,Medellin,Grocery,app
162,1166,2024-01-03 21:45:00,,2.0,Cali,Unknown,
202,1260,1900-13-40 99:99:99,194.05,4.0,,Electrncs,WEB
190,1128,2024-01-03 23:15:00,,6.0,,Fashion,App
228,1169,1900-13-40 99:99:99,242.55,4.0,bogotá,Electronics,app
14,1215,2024-01-04 00:45:00,,2.0,Cali,Beauty,Web
95,1185,2024-01-04 01:30:00,61.3,2.0,Cali,Beauty,WEB
48,1190,2024-01-04 02:15:00,,2.0,Barranquilla,Electrncs,
15,1112,2024-01-04 03:00:00,1258.04,5.0,Barranquilla,Fashion,App
200,1064,2024-01-04 03:45:00,,,bogotá,Electrncs,App
206,904,2024-01-04 04:30:00,86.24,2.0,MEDELLIN,Beauty,Web
215,1238,2024-01-04 05:15:00,207.73,3.0,bogotá,Grocery,WEB
190,1278,2024-01-04 06:00:00,,6.0,Cali,Fashion,Web
40,977,2024-01-04 06:45:00,64.43,6.0,Cali,Home,
213,1309,2024-01-04 07:30:00,,3.0,Medellin,Grocery,Web
208,961,2024-01-04 08:15:00,177.57,6.0,Barranquilla,Grocery,app
82,1031,2024-01-04 09:00:00,,5.0,Medellin,Grocery,app
111,988,2024-01-04 09:45:00,44.4,5.0,Bogota,Home,app
53,1136,2024-01-04 10:30:00,12.06,1.0,Cali,Electronics,WEB
24,941,2024-01-04 11:15:00,184.89,,Medellin,Unknown,Web
154,988,2024-01-04 12:00:00,166.96,1.0,bogotá,Electrncs,Web
217,1301,2024-01-04 12:45:00,120.23,6.0,Barranquilla,Beauty,app
188,1195,2024-01-04 13:30:00,211.51,5.0,Barranquilla,Electrncs,Web
124,1227,2024-01-04 14:15:00,202.0,5.0,MEDELLIN,Fashion,Web
41,1194,2024-01-04 15:00:00,147.58,5.0,bogotá,Electronics,App
157,1003,1900-13-40 99:99:99,,3.0,MEDELLIN,Fashion,Web
15,913,2024-01-04 16:30:00,53.84,5.0,Medellin,Electrncs,App
45,1187,2024-01-04 17:15:00,30.64,3.0,Bquilla,Beauty,Web
65,1078,2024-01-04 18:00:00,69.63,1.0,Bogota,Home,
89,1024,2024-01-04 18:45:00,17.1,1.0,bogotá,Electrncs,
71,1321,2024-01-04 19:30:00,,6.0,bogotá,Grocery,
9,1252,2024-01-04 20:15:00,234.34,1.0,bogotá,Electrncs,app
88,922,2024-01-04 21:00:00,12.72,6.0,MEDELLIN,Grocery,App
129,962,2024-01-04 21:45:00,33.16,2.0,Medellin,Home,
136,1042,2024-01-04 22:30:00,114.69,2.0,bogotá,Electrncs,App
216,1380,2024-01-04 23:15:00,233.67,4.0,Bquilla,Electronics,WEB
63,1052,2024-01-05 00:00:00,81.09,6.0,bogotá,Electronics,
139,1044,2024-01-05 00:45:00,128.29,4.0,Barranquilla,,App
81,1124,2024-01-05 01:30:00,13.27,4.0,,Home,WEB
136,1394,2024-01-05 02:15:00,,,Barranquilla,Electronics,App
163,1349,2024-01-05 03:00:00,246.7,6.0,Barranquilla,Electrncs,Web
163,1361,2024-01-05 03:45:00,241.38,2.0,Bogota,Home,App
33,1208,2024-01-05 04:30:00,4.22,4.0,Bquilla,,WEB
123,1003,2024-01-05 05:15:00,,6.0,Medellin,,Web
5,1003,2024-01-05 06:00:00,160.86,4.0,Barranquilla,Electrncs,WEB
41,1334,2024-01-05 06:45:00,217.38,5.0,Medellin,Grocery,Web
28,938,2024-01-05 07:30:00,115.32,6.0,Barranquilla,Grocery,Web
135,1334,2024-01-05 08:15:00,130.35,6.0,Cali,Home,app
201,1097,2024-01-05 09:00:00,123.75,4.0,Bogota,Home,app
72,1033,2024-01-05 09:45:00,167.72,5.0,Barranquilla,Fashion,app
12,966,2024-01-05 10:30:00,37.49,3.0,Cali,Grocery,Web
162,1290,2024-01-05 11:15:00,10.4,2.0,MEDELLIN,,App
33,1078,2024-01-05 12:00:00,79.06,4.0,Cali,Grocery,WEB
48,1355,2024-01-05 12:45:00,177.06,,bogotá,Fashion,WEB
151,941,2024-01-05 13:30:00,,2.0,Barranquilla,Fashion,WEB
62,1347,2024-01-05 14:15:00,4741.52,,Cali,Beauty,app
216,1399,2024-01-05 15:00:00,,2.0,Medellin,Fashion,Web
37,914,2024-01-05 15:45:00,26.19,3.0,MEDELLIN,,app
99,1010,2024-01-05 16:30:00,,1.0,Bquilla,Fashion,App
172,1056,2024-01-05 17:15:00,112.61,80.0,Barranquilla,Grocery,Web
104,1188,2024-01-05 18:00:00,,1.0,bogotá,Fashion,WEB
214,1399,2024-01-05 18:45:00,46.76,1.0,,Electronics,app
219,1377,2024-01-05 19:30:00,174.08,1.0,Cali,Unknown,app
35,1130,2024-01-05 20:15:00,,2.0,Bquilla,Grocery,App
193,1310,2024-01-05 21:00:00,236.32,5.0,Bquilla,,App
227,1319,2024-01-05 21:45:00,171.76,2.0,MEDELLIN,Grocery,app
101,1056,2024-01-05 22:30:00,125.8,2.0,Bquilla,,App
175,937,2024-01-05 23:15:00,155.61,6.0,Bquilla,Unknown,WEB
206,1340,2024-01-06 00:00:00,217.62,6.0,Barranquilla,Unknown,App
131,996,2024-01-06 00:45:00,143.94,,MEDELLIN,Home,App
1,1384,2024-01-06 01:30:00,10.51,2.0,bogotá,Unknown,app
5,1310,2024-01-06 02:15:00,,1.0,Cali,,app
218,1338,2024-01-06 03:00:00,173.31,6.0,MEDELLIN,,Web
142,1188,2024-01-06 03:45:00,170.1,5.0,,Beauty,Web
103,1153,2024-01-06 04:30:00,56.27,4.0,Bogota,Grocery,app
27,1095,2024-01-06 05:15:00,,1.0,,Home,App
137,985,2024-01-06 06:00:00,100.28,5.0,Bogota,,App
207,1221,2024-01-06 06:45:00,163.85,,Cali,Electronics,Web
15,909,2024-01-06 07:30:00,29.33,3.0,Bquilla,Beauty,
90,904,2024-01-06 08:15:00,165.49,1.0,Barranquilla,Electronics,Web
42,1022,2024-01-06 09:00:00,249.86,1.0,Barranquilla,Unknown,WEB
124,1229,2024-01-06 09:45:00,14.91,3.0,Cali,Grocery,
205,1252,2024-01-06 10:30:00,244.36,3.0,Cali,Electrncs,Web
179,1017,2024-01-06 11:15:00,103.51,1.0,Medellin,,App
63,1193,2024-01-06 12:00:00,218.08,3.0,Bquilla,Unknown,Web
96,1296,2024-01-06 12:45:00,196.25,2.0,,Beauty,WEB
52,1058,2024-01-06 13:30:00,,,MEDELLIN,Unknown,App
96,1202,2024-01-06 14:15:00,,4.0,Barranquilla,Electronics,WEB
132,1127,2024-01-06 15:00:00,219.99,4.0,bogotá,Home,
222,1264,2024-01-06 15:45:00,102.82,2.0,Barranquilla,Grocery,WEB
229,1115,2024-01-06 16:30:00,83.78,3.0,,Fashion,
151,1335,2024-01-06 17:15:00,167.9,5.0,Barranquilla,Fashion,App
143,1083,2024-01-06 18:00:00,,3.0,,Electronics,App
171,914,2024-01-06 18:45:00,191.28,1.0,Bquilla,Grocery,App
29,1056,2024-01-06 19:30:00,200.06,6.0,Cali,,app
36,1035,2024-01-06 20:15:00,110.59,4.0,Bquilla,Electronics,WEB
13,1160,2024-01-06 21:00:00,205.01,3.0,Cali,Grocery,WEB
160,1056,2024-01-06 21:45:00,,5.0,,Home,app
71,946,2024-01-06 22:30:00,137.49,1.0,bogotá,Electronics,App
187,1223,2024-01-06 23:15:00,,,bogotá,Home,App
86,1231,2024-01-07 00:00:00,83.17,,Medellin,Grocery,WEB
28,1072,2024-01-07 00:45:00,93.52,5.0,Bogota,Electronics,app
66,1029,2024-01-07 01:30:00,100.85,1.0,Barranquilla,Grocery,App
170,1310,2024-01-07 02:15:00,174.78,4.0,Cali,Electronics,App
45,994,2024-01-07 03:00:00,98.97,3.0,,Grocery,App
62,1014,2024-01-07 03:45:00,113.83,1.0,Medellin,Home,Web
185,1142,2024-01-07 04:30:00,61.67,2.0,MEDELLIN,Electrncs,app
134,1319,2024-01-07 05:15:00,95.19,5.0,MEDELLIN,Home,
28,1191,2024-01-07 06:00:00,59.14,,Medellin,Grocery,Web
28,1181,2024-01-07 06:45:00,,3.0,Cali,Electronics,app
108,1198,2024-01-07 07:30:00,152.05,5.0,Bquilla,Fashion,
44,1182,2024-01-07 08:15:00,,5.0,Medellin,Home,WEB
84,968,2024-01-07 09:00:00,156.01,1.0,Cali,Home,Web
30,1047,2024-01-07 09:45:00,117.48,4.0,bogotá,Unknown,Web
190,910,2024-01-07 10:30:00,96.81,3.0,Medellin,Fashion,App
75,1153,2024-01-07 11:15:00,216.24,,Cali,,App
128,1229,2024-01-07 12:00:00,131.21,4.0,Medellin,Electrncs,Web
92,1259,2024-01-07 12:45:00,121.36,1.0,Medellin,Electronics,
217,937,2024-01-07 13:30:00,9.33,6.0,,Unknown,WEB
190,1033,2024-01-07 14:15:00,87.29,1.0,Bquilla,Grocery,
225,1099,2024-01-07 15:00:00,96.91,5.0,Cali,,App
129,922,2024-01-07 15:45:00,4872.4800000000005,,Cali,Electrncs,WEB
121,1202,2024-01-07 16:30:00,,3.0,Bogota,Home,app
27,1245,2024-01-07 17:15:00,134.8,3.0,Medellin,Beauty,WEB
190,1201,2024-01-07 18:00:00,153.15,4.0,,Home,App
121,1262,2024-01-07 18:45:00,191.93,,Medellin,Home,app
116,1295,2024-01-07 19:30:00,203.81,46.0,Medellin,Beauty,app
205,1117,2024-01-07 20:15:00,180.38,1.0,Cali,Electrncs,app
3,1040,2024-01-07 21:00:00,,5.0,Medellin,Beauty,WEB
103,1003,2024-01-07 21:45:00,,6.0,Barranquilla,Grocery,App
198,1345,2024-01-07 22:30:00,51.36,4.0,Medellin,Unknown,app
200,1109,2024-01-07 23:15:00,4.87,1.0,Barranquilla,,Web
155,1372,2024-01-08 00:00:00,162.93,3.0,Bquilla,Beauty,
137,1380,2024-01-08 00:45:00,6069.87,2.0,MEDELLIN,,Web
62,1010,2024-01-08 01:30:00,63.14,6.0,Cali,,Web
165,1003,2024-01-08 02:15:00,231.98,69.0,,Grocery,app
225,1215,2024-01-08 03:00:00,,4.0,Barranquilla,Grocery,app
51,1070,2024-01-08 03:45:00,233.81,1.0,Barranquilla,,WEB
172,1359,2024-01-08 04:30:00,89.85,4.0,Bquilla,Unknown,WEB
152,1391,2024-01-08 05:15:00,28.05,1.0,Barranquilla,Unknown,WEB
207,1255,2024-01-08 06:00:00,123.01,5.0,bogotá,Home,App
59,1395,2024-01-08 06:45:00,66.42,2.0,Bogota,Beauty,WEB
118,1223,2024-01-08 07:30:00,73.36,5.0,MEDELLIN,Home,Web
160,1032,2024-01-08 08:15:00,78.9,,Bquilla,Unknown,WEB
96,1275,2024-01-08 09:00:00,,,Bquilla,Unknown,app
216,1192,2024-01-08 09:45:00,136.17,2.0,Medellin,,WEB
180,1227,2024-01-08 10:30:00,79.89,1.0,bogotá,Beauty,
113,1026,2024-01-08 11:15:00,153.75,1.0,,Home,App
62,1005,2024-01-08 12:00:00,,6.0,Medellin,Electronics,
186,1396,2024-01-08 12:45:00,70.34,3.0,Cali,Electronics,
52,991,2024-01-08 13:30:00,,6.0,Cali,Beauty,
12,1186,2024-01-08 14:15:00,33.11,6.0,,Home,app
39,1277,2024-01-08 15:00:00,47.74,1.0,bogotá,Home,App
130,1292,1900-13-40 99:99:99,171.24,4.0,Medellin,Grocery,Web
131,950,2024-01-08 16:30:00,47.82,5.0,Bogota,Unknown,WEB
113,928,2024-01-08 17:15:00,132.72,5.0,MEDELLIN,Fashion,Web
101,1361,2024-01-08 18:00:00,178.13,,Cali,,App
113,1195,2024-01-08 18:45:00,29.4,,Cali,Beauty,App
184,1196,2024-01-08 19:30:00,143.13,1.0,Bquilla,Fashion,Web
81,1113,2024-01-08 20:15:00,66.37,4.0,Medellin,Fashion,WEB
187,1166,2024-01-08 21:00:00,240.84,2.0,Medellin,Beauty,
113,1306,2024-01-08 21:45:00,122.44,3.0,bogotá,Home,app
2,1156,2024-01-08 22:30:00,,4.0,,Beauty,App
130,1201,2024-01-08 23:15:00,138.91,6.0,Cali,Fashion,WEB
220,1000,2024-01-09 00:00:00,13.72,4.0,Medellin,Unknown,App
54,1304,2024-01-09 00:45:00,159.39,4.0,,Electrncs,Web
87,1245,2024-01-09 01:30:00,238.0,,MEDELLIN,Electrncs,App
229,1009,2024-01-09 02:15:00,151.6,4.0,Medellin,Unknown,App
224,1319,2024-01-09 03:00:00,205.34,6.0,Bquilla,Unknown,
225,1081,2024-01-09 03:45:00,,,,Home,Web
129,1370,2024-01-09 04:30:00,59.34,1.0,Barranquilla,Electronics,WEB
147,1212,2024-01-09 05:15:00,55.38,4.0,,Beauty,App
126,900,2024-01-09 06:00:00,153.91,5.0,,Electrncs,app
130,1218,2024-01-09 06:45:00,104.52,,MEDELLIN,Unknown,App
53,1337,2024-01-09 07:30:00,210.45,,Cali,Beauty,WEB
172,954,2024-01-09 08:15:00,225.31,3.0,Bquilla,Electrncs,app
218,1270,2024-01-09 09:00:00,90.3,5.0,,Unknown,
160,1323,2024-01-09 09:45:00,,1.0,Cali,Electrncs,
198,1298,2024-01-09 10:30:00,195.79,1.0,,Home,Web
160,1048,2024-01-09 11:15:00,70.88,6.0,Cali,Electronics,app
68,1330,2024-01-09 12:00:00,206.19,6.0,MEDELLIN,Electronics,App
183,1356,2024-01-09 12:45:00,107.66,2.0,bogotá,Unknown,WEB
203,1208,2024-01-09 13:30:00,167.88,,,Electrncs,App
184,1036,2024-01-09 14:15:00,26.6,4.0,Barranquilla,Home,Web
123,1101,2024-01-09 15:00:00,157.09,5.0,Bogota,Grocery,Web
145,1335,2024-01-09 15:45:00,,2.0,bogotá,,app
38,1212,2024-01-09 16:30:00,147.89,6.0,,Beauty,Web
24,1016,2024-01-09 17:15:00,44.5,5.0,Barranquilla,Fashion,Web
69,1053,2024-01-09 18:00:00,185.01,5.0,Bogota,Home,App
116,1324,1900-13-40 99:99:99,216.11,6.0,Barranquilla,Electrncs,Web
98,1190,2024-01-09 19:30:00,56.53,2.0,Medellin,,
198,962,2024-01-09 20:15:00,26.64,6.0,Medellin,Unknown,WEB
214,1143,2024-01-09 21:00:00,8.84,1.0,Cali,Electrncs,Web
139,924,2024-01-09 21:45:00,,,bogotá,Fashion,WEB
144,989,2024-01-09 22:30:00,152.95,6.0,,Electronics,Web
97,974,2024-01-09 23:15:00,138.03,2.0,Bquilla,Beauty,Web
201,1193,2024-01-10 00:00:00,60.29,3.0,Barranquilla,Electrncs,app
124,1285,2024-01-10 00:45:00,99.55,1.0,bogotá,Fashion,app
187,1290,2024-01-10 01:30:00,149.84,3.0,Bquilla,Electronics,WEB
70,1109,2024-01-10 02:15:00,125.7,6.0,Medellin,Home,Web
208,1374,2024-01-10 03:00:00,246.98,1.0,Cali,Fashion,App
93,1317,2024-01-10 03:45:00,36.7,4.0,MEDELLIN,Unknown,app
3,1246,2024-01-10 04:30:00,174.7,,Cali,Unknown,App
148,916,2024-01-10 05:15:00,102.87,4.0,Bquilla,,app
187,1027,2024-01-10 06:00:00,108.77,5.0,Bogota,Electrncs,
164,1326,2024-01-10 06:45:00,180.25,,Medellin,Beauty,Web
147,1342,1900-13-40 99:99:99,174.03,28.0,Bquilla,Fashion,app
90,1263,2024-01-10 08:15:00,247.84,4.0,,Home,App
195,1150,2024-01-10 09:00:00,34.71,2.0,,Fashion,app
147,1078,2024-01-10 09:45:00,,4.0,Barranquilla,Beauty,WEB
148,1081,2024-01-10 10:30:00,181.91,2.0,bogotá,Electronics,Web
96,1051,2024-01-10 11:15:00,145.86,6.0,Barranquilla,,Web
199,924,2024-01-10 12:00:00,70.72,1.0,Medellin,Unknown,
52,1354,2024-01-10 12:45:00,,4.0,,Electrncs,WEB
161,1079,2024-01-10 13:30:00,,4.0,Bquilla,,WEB
168,1097,2024-01-10 14:15:00,223.87,,,Electrncs,app
128,1243,1900-13-40 99:99:99,50.39,4.0,,Unknown,
39,1060,2024-01-10 15:45:00,82.87,2.0,Bquilla,Grocery,WEB
82,1076,2024-01-10 16:30:00,58.98,4.0,MEDELLIN,Beauty,app
104,1184,2024-01-10 17:15:00,90.68,,Barranquilla,Beauty,
129,962,2024-01-10 18:00:00,20.15,6.0,,Home,App
11,1390,2024-01-10 18:45:00,131.21,5.0,bogotá,,App
220,1049,2024-01-10 19:30:00,19.7,,Bquilla,,
185,1053,2024-01-10 20:15:00,200.69,3.0,Bogota,Electrncs,app
217,1055,1900-13-40 99:99:99,,6.0,Cali,Electronics,App
178,1269,2024-01-10 21:45:00,,1.0,Barranquilla,Home,App
151,1368,2024-01-10 22:30:00,220.38,2.0,Barranquilla,Home,app
159,948,2024-01-10 23:15:00,163.77,5.0,bogotá,Electrncs,
222,1354,2024-01-11 00:00:00,134.64,6.0,MEDELLIN,Fashion,app
42,1236,2024-01-11 00:45:00,83.11,5.0,bogotá,Electrncs,
99,983,2024-01-11 01:30:00,3665.75,1.0,Bogota,Electrncs,App
7,1260,2024-01-11 02:15:00,168.36,1.0,Bquilla,Unknown,App
144,1076,2024-01-11 03:00:00,248.55,2.0,,Fashion,App
90,1047,2024-01-11 03:45:00,166.47,4.0,Medellin,Beauty,Web
112,1017,2024-01-11 04:30:00,140.77,,Bquilla,Unknown,Web
60,1241,2024-01-11 05:15:00,183.47,,MEDELLIN,Grocery,Web
113,1375,2024-01-11 06:00:00,117.91,4.0,Barranquilla,Fashion,app
2,962,2024-01-11 06:45:00,17.86,3.0,MEDELLIN,Home,App
129,1088,2024-01-11 07:30:00,141.89,5.0,Barranquilla,Unknown,App
48,1259,2024-01-11 08:15:00,239.53,4.0,Barranquilla,Fashion,app
140,948,2024-01-11 09:00:00,46.3,5.0,Medellin,Electronics,Web
197,1226,2024-01-11 09:45:00,173.43,,MEDELLIN,Electrncs,app
37,1156,2024-01-11 10:30:00,52.63,,bogotá,Grocery,Web
160,1123,2024-01-11 11:15:00,,1.0,Barranquilla,Beauty,App
9,1040,2024-01-11 12:00:00,26.88,3.0,Cali,,WEB
99,1377,2024-01-11 12:45:00,114.24,1.0,Cali,Electronics,Web
147,1114,2024-01-11 13:30:00,,24.0,,Electronics,App
48,1334,2024-01-11 14:15:00,,5.0,Cali,Grocery,App
208,1278,2024-01-11 15:00:00,,162.0,,Beauty,WEB
131,1339,2024-01-11 15:45:00,199.48,3.0,Barranquilla,Home,App
148,1110,2024-01-11 16:30:00,232.01,4.0,,Unknown,
152,1217,2024-01-11 17:15:00,60.96,3.0,MEDELLIN,Beauty,Web
54,931,2024-01-11 18:00:00,101.63,5.0,,Fashion,Web
120,1057,2024-01-11 18:45:00,40.65,,bogotá,Electronics,WEB
161,1184,2024-01-11 19:30:00,248.14,,Medellin,Fashion,WEB
152,1204,2024-01-11 20:15:00,231.97,2.0,MEDELLIN,,
116,1328,2024-01-11 21:00:00,136.37,2.0,Medellin,Fashion,Web
75,1376,2024-01-11 21:45:00,,4.0,Barranquilla,Beauty,WEB
113,1185,2024-01-11 22:30:00,131.68,,MEDELLIN,Fashion,WEB
200,1043,2024-01-11 23:15:00,157.03,4.0,Cali,Home,app
164,1323,2024-01-12 00:00:00,25.01,4.0,bogotá,Home,WEB
166,918,2024-01-12 00:45:00,189.55,2.0,Barranquilla,Home,App
104,917,2024-01-12 01:30:00,34.55,4.0,Bogota,Beauty,Web
84,1156,2024-01-12 02:15:00,207.04,2.0,MEDELLIN,Home,WEB
227,977,2024-01-12 03:00:00,196.16,1.0,MEDELLIN,Electronics,app
112,1270,2024-01-12 03:45:00,,5.0,Bquilla,Electrncs,Web
217,1074,2024-01-12 04:30:00,11.93,4.0,Barranquilla,Home,WEB
99,1397,2024-01-12 05:15:00,77.87,2.0,Barranquilla,Fashion,app
153,1093,2024-01-12 06:00:00,67.99,,Medellin,Unknown,WEB
93,1375,2024-01-12 06:45:00,91.95,4.0,,Fashion,Web
146,1012,2024-01-12 07:30:00,24.65,,Cali,Unknown,Web
128,1013,2024-01-12 08:15:00,234.43,1.0,Medellin,Fashion,Web
110,1121,2024-01-12 09:00:00,139.79,1.0,,,App
82,1065,2024-01-12 09:45:00,78.46,3.0,Medellin,,WEB
194,1334,2024-01-12 10:30:00,101.05,2.0,Cali,Beauty,App
54,1218,2024-01-12 11:15:00,113.46,4.0,Bquilla,Beauty,Web
163,1031,2024-01-12 12:00:00,151.35,2.0,Bquilla,,app
208,1284,1900-13-40 99:99:99,130.37,1.0,Bogota,Electronics,WEB
189,1163,2024-01-12 13:30:00,230.09,2.0,Medellin,Unknown,App
169,1312,2024-01-12 14:15:00,125.75,,Medellin,Home,WEB
228,954,2024-01-12 15:00:00,,2.0,MEDELLIN,Home,app
161,1258,2024-01-12 15:45:00,213.3,3.0,Cali,,
68,1030,2024-01-12 16:30:00,,5.0,,Beauty,Web
33,1187,2024-01-12 17:15:00,232.86,3.0,Bogota,,App
142,1165,2024-01-12 18:00:00,31.74,3.0,Bquilla,Unknown,WEB
21,1357,2024-01-12 18:45:00,204.91,5.0,Bquilla,Fashion,WEB
48,1366,2024-01-12 19:30:00,97.01,5.0,,,WEB
148,1265,1900-13-40 99:99:99,219.86,4.0,Bogota,Home,WEB
128,1061,2024-01-12 21:00:00,217.41,4.0,Bquilla,Grocery,Web
136,1279,2024-01-12 21:45:00,202.06,3.0,Bquilla,Grocery,App
135,1380,2024-01-12 22:30:00,198.14,3.0,Cali,Fashion,Web
195,986,2024-01-12 23:15:00,78.26,1.0,Barranquilla,Grocery,
145,954,2024-01-13 00:00:00,22.99,1.0,Barranquilla,Electrncs,
128,1375,2024-01-13 00:45:00,102.54,4.0,,Fashion,WEB
33,1187,2024-01-13 01:30:00,45.86,6.0,MEDELLIN,Beauty,WEB
176,1077,2024-01-13 02:15:00,174.65,6.0,Bquilla,Home,WEB
204,1290,2024-01-13 03:00:00,88.49,4.0,Cali,Electronics,App
187,1248,2024-01-13 03:45:00,243.98,,Bquilla,Home,app
115,907,2024-01-13 04:30:00,161.32,1.0,MEDELLIN,Fashion,WEB
214,1220,2024-01-13 05:15:00,206.15,6.0,Bogota,Electrncs,
119,1212,2024-01-13 06:00:00,35.73,2.0,Bogota,Fashion,WEB
22,1146,2024-01-13 06:45:00,,2.0,bogotá,Home,WEB
158,1222,2024-01-13 07:30:00,230.92,1.0,Barranquilla,Electrncs,Web
38,1371,2024-01-13 08:15:00,123.3,2.0,,Electrncs,Web
109,1370,2024-01-13 09:00:00,152.74,5.0,Medellin,Electrncs,
51,1342,2024-01-13 09:45:00,191.91,4.0,Barranquilla,Unknown,
182,1154,2024-01-13 10:30:00,46.19,4.0,Medellin,Fashion,app
8,1227,1900-13-40 99:99:99,127.13,1.0,bogotá,Grocery,app
27,953,2024-01-13 12:00:00,,3.0,,Grocery,App
27,1148,2024-01-13 12:45:00,39.15,6.0,Bquilla,Fashion,WEB
226,1138,2024-01-13 13:30:00,93.78,1.0,MEDELLIN,Fashion,
21,1128,2024-01-13 14:15:00,19.84,2.0,bogotá,Unknown,
30,966,1900-13-40 99:99:99,9.38,6.0,bogotá,Grocery,App
97,950,2024-01-13 15:45:00,36.39,3.0,,Fashion,App
28,996,2024-01-13 16:30:00,240.89,2.0,MEDELLIN,Fashion,App
111,991,2024-01-13 17:15:00,,5.0,,Unknown,app
192,1394,2024-01-13 18:00:00,241.56,2.0,Barranquilla,,Web
225,1163,2024-01-13 18:45:00,,5.0,bogotá,Home,App
197,1317,2024-01-13 19:30:00,80.02,6.0,MEDELLIN,Unknown,app
61,1190,2024-01-13 20:15:00,128.02,5.0,Bquilla,Electronics,Web
48,995,2024-01-13 21:00:00,111.56,6.0,Cali,Grocery,Web
147,987,2024-01-13 21:45:00,785.7,6.0,MEDELLIN,Home,App
4,977,2024-01-13 22:30:00,161.28,,Medellin,Electronics,WEB
35,1187,2024-01-13 23:15:00,56.36,,Cali,Fashion,WEB
192,1019,2024-01-14 00:00:00,,,Barranquilla,Fashion,WEB
49,1201,2024-01-14 00:45:00,163.6,2.0,Bogota,Home,App
17,1390,2024-01-14 01:30:00,,6.0,MEDELLIN,Unknown,
172,1299,2024-01-14 02:15:00,18.15,,Bquilla,Electrncs,app
220,1351,2024-01-14 03:00:00,195.85,6.0,Medellin,Electrncs,
158,1399,2024-01-14 03:45:00,116.57,,Barranquilla,Fashion,app
221,1064,2024-01-14 04:30:00,17.37,6.0,Cali,Electrncs,app
46,1081,2024-01-14 05:15:00,5969.5199999999995,3.0,Barranquilla,Beauty,Web
117,1368,2024-01-14 06:00:00,17.27,6.0,MEDELLIN,Home,
6,1297,2024-01-14 06:45:00,174.67,6.0,bogotá,Electronics,
99,1122,2024-01-14 07:30:00,245.97,5.0,Bquilla,Home,App
124,1210,2024-01-14 08:15:00,62.08,4.0,MEDELLIN,Grocery,WEB
37,1331,2024-01-14 09:00:00,1106.06,5.0,,Unknown,app
24,1365,1900-13-40 99:99:99,32.98,3.0,MEDELLIN,Unknown,Web
93,906,2024-01-14 10:30:00,77.91,,Cali,Home,app
46,1229,2024-01-14 11:15:00,27.96,,Cali,,App
181,1162,2024-01-14 12:00:00,173.96,1.0,MEDELLIN,Fashion,WEB
95,1060,2024-01-14 12:45:00,,3.0,,,App
99,1050,2024-01-14 13:30:00,128.83,5.0,bogotá,,App
188,984,2024-01-14 14:15:00,249.18,2.0,Barranquilla,Unknown,App
225,1046,2024-01-14 15:00:00,,3.0,MEDELLIN,Beauty,
116,1011,2024-01-14 15:45:00,154.96,4.0,Bquilla,Electronics,app
191,1280,2024-01-14 16:30:00,78.64,4.0,bogotá,,
213,1302,2024-01-14 17:15:00,157.1,6.0,Barranquilla,Electronics,WEB
160,935,2024-01-14 18:00:00,133.18,1.0,Bquilla,Beauty,Web
215,1184,2024-01-14 18:45:00,108.24,4.0,Bquilla,Unknown,WEB
161,1087,2024-01-14 19:30:00,35.29,3.0,Bquilla,Unknown,Web
67,981,2024-01-14 20:15:00,221.99,4.0,Barranquilla,Electronics,
128,901,2024-01-14 21:00:00,114.1,3.0,bogotá,Home,app
18,1284,1900-13-40 99:99:99,51.07,,,Unknown,App
25,1202,2024-01-14 22:30:00,93.84,,Bquilla,Home,app
223,1096,2024-01-14 23:15:00,105.29,1.0,,Fashion,WEB
54,1303,2024-01-15 00:00:00,207.4,4.0,MEDELLIN,Electronics,App
58,910,2024-01-15 00:45:00,184.2,3.0,Barranquilla,Electrncs,Web
67,1133,2024-01-15 01:30:00,193.02,5.0,Barranquilla,Unknown,WEB
104,1285,2024-01-15 02:15:00,,1.0,Cali,Grocery,App
174,1094,2024-01-15 03:00:00,105.79,2.0,Barranquilla,Fashion,Web
24,1370,2024-01-15 03:45:00,121.89,,bogotá,Home,Web
114,1018,2024-01-15 04:30:00,7.74,6.0,Barranquilla,Unknown,app
32,1295,2024-01-15 05:15:00,67.17,6.0,Medellin,Electronics,WEB
175,919,2024-01-15 06:00:00,190.79,2.0,MEDELLIN,Electrncs,Web
86,1160,2024-01-15 06:45:00,,2.0,MEDELLIN,Beauty,
151,1192,1900-13-40 99:99:99,135.22,6.0,,Electrncs,
194,1321,2024-01-15 08:15:00,56.15,4.0,Bquilla,,Web
127,1155,2024-01-15 09:00:00,5.99,4.0,,Home,app
155,1121,2024-01-15 09:45:00,62.58,3.0,Bogota,Fashion,app
130,1292,2024-01-15 10:30:00,244.04,5.0,Bquilla,Electrncs,App
218,1125,2024-01-15 11:15:00,,3.0,,Electronics,app
17,952,2024-01-15 12:00:00,240.02,5.0,Bquilla,Grocery,
104,1327,2024-01-15 12:45:00,123.5,2.0,bogotá,Electronics,Web
161,1254,2024-01-15 13:30:00,,1.0,Bogota,Unknown,app
137,1399,2024-01-15 14:15:00,138.35,3.0,Bquilla,Beauty,Web
43,1241,2024-01-15 15:00:00,115.23,,bogotá,,Web
176,1263,2024-01-15 15:45:00,211.56,5.0,,Electronics,App
39,1179,2024-01-15 16:30:00,,,bogotá,Home,app
221,980,2024-01-15 17:15:00,,2.0,Bogota,Unknown,
170,1101,2024-01-15 18:00:00,,5.0,Barranquilla,Unknown,app
26,1057,2024-01-15 18:45:00,83.19,2.0,Cali,Fashion,App
99,1019,2024-01-15 19:30:00,185.13,6.0,Bogota,Unknown,app
50,958,2024-01-15 20:15:00,120.58,4.0,bogotá,Home,Web
153,1393,2024-01-15 21:00:00,,6.0,Medellin,Electronics,
152,1114,2024-01-15 21:45:00,100.44,,,Fashion,Web
13,1027,2024-01-15 22:30:00,116.48,,Bogota,Unknown,Web
60,1123,1900-13-40 99:99:99,196.9,1.0,Bquilla,Unknown,Web
135,1108,2024-01-16 00:00:00,,3.0,,Home,App
57,1269,2024-01-16 00:45:00,238.97,,Bquilla,Beauty,app
36,1014,2024-01-16 01:30:00,197.37,2.0,Bquilla,Beauty,App
173,1108,2024-01-16 02:15:00,80.91,6.0,Bquilla,Electrncs,app
20,913,2024-01-16 03:00:00,,5.0,Bquilla,Unknown,App
65,908,1900-13-40 99:99:99,111.09,6.0,Bquilla,Electronics,WEB
8,939,2024-01-16 04:30:00,65.9,4.0,Cali,Fashion,Web
144,1349,2024-01-16 05:15:00,210.7,,Bogota,Unknown,
142,1136,2024-01-16 06:00:00,12.49,5.0,,Grocery,App
204,1180,2024-01-16 06:45:00,225.74,2.0,MEDELLIN,Fashion,
115,1258,2024-01-16 07:30:00,116.98,4.0,bogotá,Electrncs,Web
215,1100,2024-01-16 08:15:00,160.39,5.0,Medellin,Beauty,app
143,1145,2024-01-16 09:00:00,165.86,4.0,,Unknown,
92,1177,2024-01-16 09:45:00,,4.0,bogotá,Home,Web
98,1134,2024-01-16 10:30:00,160.26,2.0,Cali,Grocery,Web
66,1393,2024-01-16 11:15:00,,3.0,Bogota,,
32,903,2024-01-16 12:00:00,19.46,5.0,Bquilla,Electrncs,App
215,1053,2024-01-16 12:45:00,131.05,2.0,MEDELLIN,Electronics,app
191,1341,2024-01-16 13:30:00,40.09,4.0,MEDELLIN,,app
86,928,2024-01-16 14:15:00,185.15,2.0,,,Web
51,1008,2024-01-16 15:00:00,129.52,3.0,,Unknown,Web
153,997,2024-01-16 15:45:00,171.02,6.0,MEDELLIN,Electronics,App
186,1114,2024-01-16 16:30:00,13.29,5.0,,Grocery,Web
63,1192,2024-01-16 17:15:00,23.94,3.0,Bogota,Electronics,Web
190,974,2024-01-16 18:00:00,,,Medellin,Electronics,App
125,1225,2024-01-16 18:45:00,20.8,,bogotá,Grocery,Web
150,1045,2024-01-16 19:30:00,20.6,3.0,Bquilla,Grocery,Web
58,1027,2024-01-16 20:15:00,5.99,4.0,Bquilla,,WEB
58,1240,1900-13-40 99:99:99,239.26,5.0,MEDELLIN,Electrncs,app
86,941,2024-01-16 21:45:00,185.16,5.0,Medellin,Beauty,App
49,1255,2024-01-16 22:30:00,90.25,2.0,Bogota,Grocery,WEB
180,940,1900-13-40 99:99:99,76.24,4.0,Barranquilla,Unknown,app
170,1321,2024-01-17 00:00:00,,1.0,,Fashion,app
70,933,2024-01-17 00:45:00,194.34,,,,app
15,916,2024-01-17 01:30:00,166.36,3.0,Bogota,,WEB
54,1064,2024-01-17 02:15:00,48.74,2.0,Bogota,Electronics,WEB
188,1052,2024-01-17 03:00:00,46.01,84.0,,Home,app
101,1385,2024-01-17 03:45:00,27.3,1.0,Barranquilla,Beauty,
225,1277,2024-01-17 04:30:00,,1.0,Medellin,Home,Web
8,975,2024-01-17 05:15:00,191.8,5.0,Cali,,WEB
53,986,2024-01-17 06:00:00,68.47,1.0,Bogota,Home,WEB
60,1016,2024-01-17 06:45:00,8.17,,MEDELLIN,Electronics,WEB
108,1261,2024-01-17 07:30:00,,4.0,bogotá,Home,app
5,1241,2024-01-17 08:15:00,242.06,4.0,Barranquilla,Fashion,Web
103,1368,2024-01-17 09:00:00,,5.0,,,WEB
196,926,2024-01-17 09:45:00,193.0,6.0,,Grocery,WEB
6,1212,2024-01-17 10:30:00,157.29,3.0,MEDELLIN,Home,App
109,1186,2024-01-17 11:15:00,97.34,3.0,,,app
224,1033,2024-01-17 12:00:00,,1.0,Bquilla,Electrncs,App
116,1118,2024-01-17 12:45:00,32.98,3.0,Bogota,Unknown,
94,1067,2024-01-17 13:30:00,154.91,2.0,Cali,Grocery,App
47,997,2024-01-17 14:15:00,194.33,6.0,Medellin,Electronics,App
99,1167,2024-01-17 15:00:00,162.04,1.0,Barranquilla,,App
55,1136,2024-01-17 15:45:00,,2.0,Bquilla,Fashion,
168,1208,2024-01-17 16:30:00,13.36,5.0,Barranquilla,Beauty,Web
52,1354,2024-01-17 17:15:00,242.22,4.0,,Fashion,App
144,1293,2024-01-17 18:00:00,200.28,5.0,Cali,Home,app
13,1072,2024-01-17 18:45:00,75.33,4.0,,,Web
114,1300,2024-01-17 19:30:00,245.05,5.0,Medellin,Home,WEB
124,1309,2024-01-17 20:15:00,151.66,3.0,MEDELLIN,,App
106,1368,2024-01-17 21:00:00,,2.0,Medellin,,Web
158,1375,2024-01-17 21:45:00,187.77,4.0,Cali,Fashion,App
147,1089,2024-01-17 22:30:00,203.51,,Barranquilla,,
145,1021,2024-01-17 23:15:00,165.15,2.0,bogotá,Electronics,Web
120,945,2024-01-18 00:00:00,34.64,1.0,Barranquilla,,app
63,963,2024-01-18 00:45:00,86.55,,Cali,Home,Web
19,1029,2024-01-18 01:30:00,,2.0,Barranquilla,,app
92,1209,2024-01-18 02:15:00,,5.0,Bquilla,,Web
58,1262,2024-01-18 03:00:00,,4.0,Barranquilla,Fashion,app
183,1092,2024-01-18 03:45:00,,,Bogota,Electrncs,WEB
90,1206,2024-01-18 04:30:00,2788.25,,,Fashion,WEB
229,1080,2024-01-18 05:15:00,154.4,3.0,Barranquilla,Fashion,WEB
218,1191,2024-01-18 06:00:00,235.94,,Medellin,,Web
117,1270,2024-01-18 06:45:00,62.45,1.0,bogotá,Home,WEB
62,1181,2024-01-18 07:30:00,33.01,1.0,Medellin,,App
23,928,2024-01-18 08:15:00,51.78,5.0,Medellin,Electronics,
127,1048,2024-01-18 09:00:00,,2.0,MEDELLIN,Electrncs,
137,1166,2024-01-18 09:45:00,162.52,1.0,Bogota,Unknown,app
140,1195,2024-01-18 10:30:00,73.62,1.0,Medellin,Grocery,
129,910,2024-01-18 11:15:00,204.54,6.0,Bquilla,,Web
58,1063,2024-01-18 12:00:00,215.76,,Cali,Electronics,App
122,1012,2024-01-18 12:45:00,212.09,5.0,Bquilla,Home,WEB
1,1086,2024-01-18 13:30:00,,1.0,Cali,Unknown,
34,1194,2024-01-18 14:15:00,65.3,,Barranquilla,,App
96,1131,2024-01-18 15:00:00,189.5,,,Unknown,app
126,1126,2024-01-18 15:45:00,,5.0,Bogota,Fashion,app
118,1209,2024-01-18 16:30:00,210.97,3.0,Bquilla,Grocery,app
48,997,2024-01-18 17:15:00,182.94,3.0,Bogota,Home,Web
89,954,2024-01-18 18:00:00,194.78,5.0,,Home,App
117,1010,2024-01-18 18:45:00,165.07,3.0,Barranquilla,Unknown,App
129,1051,2024-01-18 19:30:00,46.82,4.0,Cali,Home,Web
16,1145,2024-01-18 20:15:00,137.62,2.0,bogotá,Grocery,Web
189,1305,2024-01-18 21:00:00,246.21,3.0,,Grocery,Web
192,968,2024-01-18 21:45:00,234.53,3.0,,,App
191,1211,2024-01-18 22:30:00,13.66,5.0,,Electrncs,App
69,1188,2024-01-18 23:15:00,43.71,4.0,Barranquilla,Electrncs,app
22,1149,2024-01-19 00:00:00,35.54,2.0,MEDELLIN,Beauty,app
93,935,2024-01-19 00:45:00,,,Cali,,App
195,1138,2024-01-19 01:30:00,204.99,5.0,Cali,Electrncs,app
76,1047,2024-01-19 02:15:00,55.74,,Bquilla,,Web
154,1366,2024-01-19 03:00:00,127.95,4.0,bogotá,Grocery,WEB
144,1126,1900-13-40 99:99:99,210.65,2.0,bogotá,Electrncs,app
179,1143,2024-01-19 04:30:00,184.0,4.0,,,App
229,1390,2024-01-19 05:15:00,136.93,,MEDELLIN,Beauty,app
86,1236,2024-01-19 06:00:00,148.82,4.0,MEDELLIN,Unknown,app
185,1345,2024-01-19 06:45:00,128.57,5.0,Cali,Unknown,app
29,1264,2024-01-19 07:30:00,76.49,5.0,Bogota,Home,WEB
206,1390,2024-01-19 08:15:00,142.56,18.0,Barranquilla,Unknown,Web
220,1381,2024-01-19 09:00:00,173.15,3.0,MEDELLIN,Fashion,App
69,1100,2024-01-19 09:45:00,218.71,6.0,Bogota,,WEB
47,1053,2024-01-19 10:30:00,,4.0,,Grocery,App
94,1349,2024-01-19 11:15:00,191.0,6.0,Bquilla,Electrncs,App
190,972,2024-01-19 12:00:00,42.54,1.0,,Unknown,App
197,1100,2024-01-19 12:45:00,117.0,3.0,Bogota,Beauty,WEB
204,1195,2024-01-19 13:30:00,5.3,4.0,bogotá,,Web
144,916,2024-01-19 14:15:00,63.93,,bogotá,Electronics,App
218,1028,2024-01-19 15:00:00,182.44,3.0,Medellin,Grocery,Web
218,1116,2024-01-19 15:45:00,247.98,5.0,Cali,Electronics,Web
176,960,2024-01-19 16:30:00,27.5,1.0,,Grocery,app
85,1326,2024-01-19 17:15:00,,3.0,Barranquilla,Beauty,WEB
39,1003,2024-01-19 18:00:00,200.62,3.0,Medellin,Home,WEB
100,941,2024-01-19 18:45:00,53.4,5.0,bogotá,Unknown,app
33,924,2024-01-19 19:30:00,140.11,4.0,Bquilla,Unknown,
222,938,2024-01-19 20:15:00,184.07,2.0,Medellin,Fashion,Web
101,1190,2024-01-19 21:00:00,155.15,5.0,,Electrncs,App
23,1030,2024-01-19 21:45:00,49.44,,Bquilla,Electronics,WEB
10,1397,2024-01-19 22:30:00,90.78,,Cali,,App
69,1128,2024-01-19 23:15:00,,3.0,,Beauty,
100,1007,1900-13-40 99:99:99,3077.58,2.0,MEDELLIN,Home,app
34,1071,2024-01-20 00:45:00,4.29,1.0,Bogota,Electrncs,App
180,1334,2024-01-20 01:30:00,190.96,,Cali,Beauty,Web
223,1377,2024-01-20 02:15:00,,5.0,,Electronics,app
138,1001,2024-01-20 03:00:00,187.2,4.0,,,App
147,1253,2024-01-20 03:45:00,,5.0,Barranquilla,Unknown,app
186,911,2024-01-20 04:30:00,239.64,,bogotá,Beauty,Web
96,1174,2024-01-20 05:15:00,,6.0,Bquilla,Electrncs,
1,1000,1900-13-40 99:99:99,83.75,5.0,,Grocery,App
69,943,2024-01-20 06:45:00,39.78,6.0,Barranquilla,,
4,1342,2024-01-20 07:30:00,78.48,1.0,Bquilla,Electrncs,App
16,1204,2024-01-20 08:15:00,219.53,,Cali,,
24,1344,2024-01-20 09:00:00,,5.0,,,app
80,916,2024-01-20 09:45:00,93.97,1.0,Cali,,App
2,1229,2024-01-20 10:30:00,113.81,4.0,Barranquilla,Grocery,Web
220,956,2024-01-20 11:15:00,181.35,,Barranquilla,Fashion,app
128,1210,2024-01-20 12:00:00,,6.0,bogotá,Electrncs,app
160,1396,2024-01-20 12:45:00,149.48,5.0,Cali,Fashion,
219,1202,2024-01-20 13:30:00,99.71,1.0,Medellin,Grocery,
84,911,2024-01-20 14:15:00,104.92,2.0,,Home,App
152,1217,2024-01-20 15:00:00,,,Barranquilla,Unknown,App
140,979,2024-01-20 15:45:00,3.79,5.0,Cali,Beauty,Web
178,1115,2024-01-20 16:30:00,156.04,5.0,Bquilla,Grocery,
163,1238,2024-01-20 17:15:00,90.81,4.0,Bogota,Electronics,
124,1163,2024-01-20 18:00:00,199.17,3.0,Medellin,,Web
33,1378,2024-01-20 18:45:00,25.97,3.0,MEDELLIN,Fashion,
161,1048,2024-01-20 19:30:00,148.29,6.0,,Electrncs,
189,980,2024-01-20 20:15:00,121.8,4.0,Bogota,,
179,1114,2024-01-20 21:00:00,161.65,4.0,MEDELLIN,Fashion,
171,1384,2024-01-20 21:45:00,19.02,4.0,bogotá,Home,app
101,1273,2024-01-20 22:30:00,,6.0,,Fashion,
12,1363,2024-01-20 23:15:00,141.69,3.0,Bquilla,Grocery,app
67,1097,2024-01-21 00:00:00,141.48,4.0,Cali,Home,app
65,1099,2024-01-21 00:45:00,152.06,1.0,Bquilla,,WEB
161,924,2024-01-21 01:30:00,170.09,5.0,MEDELLIN,,App
168,1365,2024-01-21 02:15:00,,5.0,Barranquilla,Beauty,
74,988,2024-01-21 03:00:00,2159.15,2.0,Bogota,,WEB
43,1167,2024-01-21 03:45:00,206.79,2.0,Bogota,Grocery,app
44,1042,2024-01-21 04:30:00,126.07,,MEDELLIN,,app
29,958,2024-01-21 05:15:00,22.03,6.0,Bogota,Electrncs,
141,1309,2024-01-21 06:00:00,,5.0,Barranquilla,Unknown,app
12,1388,2024-01-21 06:45:00,85.56,1.0,Bquilla,Grocery,app
95,1264,2024-01-21 07:30:00,,3.0,Bogota,Electronics,App
46,925,1900-13-40 99:99:99,6223.0,3.0,,Electrncs,app
130,946,2024-01-21 09:00:00,197.79,,Medellin,Electronics,WEB
35,1187,2024-01-21 09:45:00,130.77,1.0,,Beauty,App
215,1165,2024-01-21 10:30:00,111.73,,,Electrncs,app
81,915,2024-01-21 11:15:00,39.42,3.0,Bogota,Fashion,Web
90,1098,2024-01-21 12:00:00,84.06,6.0,Bquilla,Electrncs,
8,1300,2024-01-21 12:45:00,110.2,4.0,MEDELLIN,Unknown,App
93,1306,2024-01-21 13:30:00,24.88,6.0,Bogota,Electrncs,Web
154,1181,2024-01-21 14:15:00,57.49,,Cali,Home,app
202,1368,2024-01-21 15:00:00,150.76,6.0,Barranquilla,Home,app
90,985,2024-01-21 15:45:00,184.71,,Bogota,Fashion,App
162,1149,2024-01-21 16:30:00,,1.0,Bogota,Electrncs,App
115,1290,2024-01-21 17:15:00,233.48,3.0,Medellin,Electronics,app
105,1169,2024-01-21 18:00:00,,2.0,,Electronics,app
135,1234,2024-01-21 18:45:00,107.05,2.0,MEDELLIN,Grocery,
196,1016,2024-01-21 19:30:00,,3.0,Bogota,Beauty,App
58,906,2024-01-21 20:15:00,197.06,2.0,,Unknown,
114,1036,2024-01-21 21:00:00,32.23,6.0,bogotá,Beauty,Web
75,1270,2024-01-21 21:45:00,104.25,,Barranquilla,,WEB
157,1075,2024-01-21 22:30:00,210.43,1.0,Medellin,Beauty,app
120,1227,2024-01-21 23:15:00,2738.6800000000003,3.0,Medellin,Grocery,WEB
164,1397,2024-01-22 00:00:00,144.25,2.0,Bquilla,Beauty,
217,1214,2024-01-22 00:45:00,148.18,6.0,Medellin,,app
21,1114,2024-01-22 01:30:00,,1.0,Bquilla,,WEB
164,1376,2024-01-22 02:15:00,92.47,1.0,Bogota,Fashion,App
138,981,2024-01-22 03:00:00,85.62,4.0,,Electrncs,
101,1122,2024-01-22 03:45:00,9.47,4.0,,Grocery,WEB
201,1377,2024-01-22 04:30:00,,,,Electrncs,
152,1271,2024-01-22 05:15:00,208.43,3.0,Cali,,WEB
192,1322,2024-01-22 06:00:00,70.45,5.0,,Beauty,
227,1382,2024-01-22 06:45:00,130.97,105.0,Bquilla,Fashion,app
177,1301,2024-01-22 07:30:00,76.79,6.0,Barranquilla,Electrncs,WEB
99,1342,2024-01-22 08:15:00,235.35,,,Fashion,WEB
36,1389,2024-01-22 09:00:00,67.05,1.0,bogotá,,Web
210,1002,2024-01-22 09:45:00,109.13,1.0,Barranquilla,Grocery,WEB
96,1172,1900-13-40 99:99:99,218.56,3.0,Cali,Home,WEB
152,913,2024-01-22 11:15:00,210.96,4.0,Cali,Beauty,app
151,1058,2024-01-22 12:00:00,,1.0,Medellin,Electrncs,WEB
190,1051,2024-01-22 12:45:00,,1.0,Barranquilla,Fashion,App
224,1382,2024-01-22 13:30:00,116.17,2.0,Bogota,Unknown,
37,1007,2024-01-22 14:15:00,122.29,3.0,Bogota,Home,WEB
12,1087,2024-01-22 15:00:00,35.97,6.0,Medellin,Electrncs,Web
113,1200,2024-01-22 15:45:00,,1.0,Medellin,Unknown,
183,997,1900-13-40 99:99:99,,2.0,Medellin,Beauty,Web
13,1030,2024-01-22 17:15:00,125.63,,Bogota,Beauty,WEB
23,1192,2024-01-22 18:00:00,,6.0,Cali,Fashion,WEB
217,1070,2024-01-22 18:45:00,183.19,1.0,,Fashion,Web
99,1323,2024-01-22 19:30:00,,1.0,bogotá,Electrncs,App
105,1373,2024-01-22 20:15:00,,2.0,Bquilla,Grocery,Web
30,1082,2024-01-22 21:00:00,153.73,3.0,Medellin,,App
17,1370,2024-01-22 21:45:00,36.43,,Bquilla,Electrncs,
113,1263,2024-01-22 22:30:00,188.59,5.0,MEDELLIN,Home,app
62,938,2024-01-22 23:15:00,165.27,1.0,Medellin,Fashion,Web
84,914,2024-01-23 00:00:00,239.28,5.0,,Beauty,Web
112,1275,2024-01-23 00:45:00,20.03,6.0,Barranquilla,Fashion,WEB
217,1396,2024-01-23 01:30:00,17.09,6.0,Medellin,Beauty,App
86,903,2024-01-23 02:15:00,72.7,4.0,Barranquilla,Electrncs,
141,1248,2024-01-23 03:00:00,,4.0,MEDELLIN,Beauty,App
187,1369,2024-01-23 03:45:00,64.0,,bogotá,Fashion,app
19,1308,2024-01-23 04:30:00,226.84,3.0,Barranquilla,Electronics,Web
177,1296,1900-13-40 99:99:99,64.64,1.0,Bquilla,Home,WEB
100,1109,2024-01-23 06:00:00,70.17,1.0,Cali,Unknown,WEB
140,1060,2024-01-23 06:45:00,190.57,4.0,Medellin,Beauty,App
189,915,2024-01-23 07:30:00,114.09,5.0,MEDELLIN,Beauty,WEB
147,1392,2024-01-23 08:15:00,194.85,1.0,MEDELLIN,Electronics,App
76,1325,2024-01-23 09:00:00,19.15,,Barranquilla,Electrncs,App
9,1007,2024-01-23 09:45:00,123.43,3.0,,,app
199,1281,2024-01-23 10:30:00,11.3,2.0,Bogota,Electrncs,App
28,1349,2024-01-23 11:15:00,18.48,4.0,Medellin,Unknown,app
206,1210,2024-01-23 12:00:00,226.89,4.0,MEDELLIN,,WEB
223,1126,2024-01-23 12:45:00,,2.0,bogotá,Electronics,App
128,1069,2024-01-23 13:30:00,,,Cali,Unknown,App
52,933,1900-13-40 99:99:99,104.54,3.0,MEDELLIN,Electronics,Web
83,1313,1900-13-40 99:99:99,88.79,3.0,bogotá,Beauty,App
111,1150,2024-01-23 15:45:00,225.26,,Bogota,Home,App
144,1146,2024-01-23 16:30:00,8.39,3.0,Bogota,Electronics,Web
117,1168,2024-01-23 17:15:00,166.96,6.0,MEDELLIN,Grocery,Web
69,1040,2024-01-23 18:00:00,240.96,2.0,Bquilla,Fashion,WEB
99,1173,1900-13-40 99:99:99,141.36,1.0,,Unknown,App
140,1315,2024-01-23 19:30:00,,6.0,Barranquilla,Electronics,WEB
25,995,2024-01-23 20:15:00,15.91,2.0,Medellin,,WEB
180,1126,2024-01-23 21:00:00,106.44,5.0,bogotá,,
123,1278,2024-01-23 21:45:00,67.26,4.0,MEDELLIN,Home,app
213,938,2024-01-23 22:30:00,183.51,3.0,Medellin,Electronics,WEB
228,1201,2024-01-23 23:15:00,245.38,5.0,Barranquilla,Electronics,app
53,1399,2024-01-24 00:00:00,66.36,3.0,Medellin,Home,App
151,928,2024-01-24 00:45:00,164.58,,MEDELLIN,Grocery,Web
144,1345,2024-01-24 01:30:00,51.93,1.0,Bogota,Unknown,App
57,1396,2024-01-24 02:15:00,,1.0,bogotá,Unknown,App
39,1376,2024-01-24 03:00:00,117.59,1.0,bogotá,Electronics,
109,1217,2024-01-24 03:45:00,243.09,3.0,Bogota,,App
181,1144,2024-01-24 04:30:00,153.31,5.0,,Electronics,Web
42,1135,2024-01-24 05:15:00,89.33,1.0,,Electrncs,app
186,1084,2024-01-24 06:00:00,,5.0,bogotá,Fashion,App
167,1171,2024-01-24 06:45:00,,3.0,MEDELLIN,Unknown,Web
142,1339,2024-01-24 07:30:00,58.65,6.0,Barranquilla,Electrncs,WEB
223,1135,2024-01-24 08:15:00,64.99,,MEDELLIN,Beauty,App
122,1138,2024-01-24 09:00:00,5966.8,6.0,Medellin,Fashion,app
133,1276,2024-01-24 09:45:00,141.62,3.0,Bogota,Electronics,Web
163,1165,2024-01-24 10:30:00,132.28,,Bquilla,Grocery,App
215,1313,2024-01-24 11:15:00,31.35,,MEDELLIN,Unknown,App
221,1308,2024-01-24 12:00:00,215.45,,Bquilla,Beauty,App
75,1258,2024-01-24 12:45:00,181.54,,Bquilla,Fashion,app
146,1239,2024-01-24 13:30:00,19.71,2.0,Barranquilla,Unknown,Web
76,1288,2024-01-24 14:15:00,177.84,20.0,Cali,Home,
9,964,2024-01-24 15:00:00,,4.0,Bogota,Grocery,WEB
74,1377,2024-01-24 15:45:00,23.19,4.0,Bquilla,Fashion,
186,1076,2024-01-24 16:30:00,116.2,4.0,bogotá,Home,Web
145,902,2024-01-24 17:15:00,122.72,2.0,Medellin,Electrncs,WEB
7,1328,2024-01-24 18:00:00,,6.0,bogotá,Electronics,app
174,1041,1900-13-40 99:99:99,236.59,3.0,Barranquilla,Home,Web
141,1275,2024-01-24 19:30:00,,1.0,,Fashion,App
168,1057,2024-01-24 20:15:00,,5.0,bogotá,Fashion,
170,1397,2024-01-24 21:00:00,117.19,6.0,,Electrncs,App
137,1223,2024-01-24 21:45:00,104.71,,bogotá,Electronics,WEB
178,1045,1900-13-40 99:99:99,163.79,2.0,,Home,
27,1345,2024-01-24 23:15:00,137.72,3.0,bogotá,Home,Web
122,1192,2024-01-25 00:00:00,,3.0,Medellin,Electronics,app
194,1052,1900-13-40 99:99:99,129.59,2.0,Medellin,Home,App
5,1331,2024-01-25 01:30:00,5054.5,,Cali,Unknown,
29,1092,2024-01-25 02:15:00,116.43,4.0,Medellin,Electronics,app
165,1336,2024-01-25 03:00:00,15.83,1.0,bogotá,Grocery,app
166,1393,2024-01-25 03:45:00,197.21,1.0,Medellin,Fashion,app
83,1362,2024-01-25 04:30:00,52.74,4.0,,Grocery,
136,972,2024-01-25 05:15:00,,6.0,Bquilla,Unknown,Web
109,1298,2024-01-25 06:00:00,43.68,,,Electrncs,App
65,1204,2024-01-25 06:45:00,84.56,3.0,MEDELLIN,,app
86,1276,1900-13-40 99:99:99,,5.0,Bogota,Beauty,Web
145,1243,2024-01-25 08:15:00,131.29,3.0,Cali,Beauty,
71,1351,2024-01-25 09:00:00,53.61,,MEDELLIN,Beauty,
217,1039,2024-01-25 09:45:00,219.82,1.0,bogotá,Electronics,App
45,1086,2024-01-25 10:30:00,,6.0,Bquilla,Home,App
132,1192,2024-01-25 11:15:00,218.03,1.0,bogotá,Unknown,Web
36,960,2024-01-25 12:00:00,61.98,5.0,Bquilla,Grocery,App
70,1384,2024-01-25 12:45:00,114.46,1.0,Bquilla,Electrncs,Web
159,1326,2024-01-25 13:30:00,246.29,4.0,bogotá,Grocery,app
19,1279,2024-01-25 14:15:00,193.69,6.0,MEDELLIN,Grocery,
189,1097,2024-01-25 15:00:00,9.71,5.0,MEDELLIN,Grocery,App
108,1194,2024-01-25 15:45:00,19.11,6.0,Bquilla,Electrncs,WEB
182,1339,2024-01-25 16:30:00,117.59,3.0,MEDELLIN,Beauty,
167,1218,2024-01-25 17:15:00,227.58,1.0,Bquilla,Grocery,app
91,1201,2024-01-25 18:00:00,136.06,6.0,Bquilla,Electrncs,WEB
202,1243,1900-13-40 99:99:99,,2.0,Bogota,Electrncs,WEB
90,910,2024-01-25 19:30:00,29.05,1.0,Barranquilla,Home,Web
19,961,2024-01-25 20:15:00,165.22,3.0,Bogota,Electrncs,Web
39,1232,2024-01-25 21:00:00,206.06,6.0,bogotá,Beauty,
126,1125,2024-01-25 21:45:00,96.96,5.0,Barranquilla,Grocery,App
195,1052,2024-01-25 22:30:00,194.58,3.0,Medellin,Electrncs,App
173,1098,1900-13-40 99:99:99,241.23,2.0,bogotá,,App
141,951,2024-01-26 00:00:00,53.33,,,,Web
220,1159,2024-01-26 00:45:00,132.26,,Bogota,Fashion,app
126,958,2024-01-26 01:30:00,73.92,1.0,MEDELLIN,Fashion,App
58,971,2024-01-26 02:15:00,198.84,5.0,Bogota,Fashion,app
148,1047,2024-01-26 03:00:00,145.67,4.0,,Electrncs,App
220,1248,2024-01-26 03:45:00,,,,Beauty,WEB
200,962,2024-01-26 04:30:00,200.08,,,Grocery,App
61,1209,2024-01-26 05:15:00,100.8,,,Unknown,App
127,1272,2024-01-26 06:00:00,229.03,,Cali,Unknown,App
105,1142,2024-01-26 06:45:00,134.66,,Bogota,Unknown,Web
167,1392,2024-01-26 07:30:00,42.01,4.0,MEDELLIN,,WEB
1,1265,2024-01-26 08:15:00,174.89,5.0,Barranquilla,Home,App
131,1229,2024-01-26 09:00:00,198.94,2.0,Cali,Electronics,App
205,1006,2024-01-26 09:45:00,,2.0,Bquilla,Electronics,app
92,1125,1900-13-40 99:99:99,214.72,1.0,bogotá,Fashion,
190,1212,2024-01-26 11:15:00,226.82,,bogotá,Fashion,App
191,1117,2024-01-26 12:00:00,71.4,,,,app
113,1324,2024-01-26 12:45:00,245.93,6.0,MEDELLIN,Unknown,app
153,1140,2024-01-26 13:30:00,37.76,5.0,Bquilla,,Web
56,1158,2024-01-26 14:15:00,52.9,2.0,,Unknown,app
161,1275,2024-01-26 15:00:00,48.5,1.0,,Fashion,App
166,1161,2024-01-26 15:45:00,223.82,2.0,Cali,Grocery,Web
117,904,2024-01-26 16:30:00,,6.0,,Home,Web
134,1160,2024-01-26 17:15:00,40.57,2.0,bogotá,,App
58,953,2024-01-26 18:00:00,111.76,5.0,,Home,WEB
44,946,2024-01-26 18:45:00,154.98,4.0,Barranquilla,,app
173,1114,2024-01-26 19:30:00,23.62,6.0,Bogota,Home,Web
160,1076,2024-01-26 20:15:00,220.96,,Medellin,Fashion,WEB
173,908,2024-01-26 21:00:00,201.49,5.0,MEDELLIN,Electronics,App
61,998,2024-01-26 21:45:00,127.79,2.0,Bquilla,Fashion,app
47,919,2024-01-26 22:30:00,241.88,2.0,Bquilla,Home,app
149,1277,2024-01-26 23:15:00,106.19,4.0,MEDELLIN,Fashion,Web
80,1140,2024-01-27 00:00:00,246.08,1.0,,,
118,960,1900-13-40 99:99:99,167.98,1.0,,Beauty,app
213,1278,2024-01-27 01:30:00,159.76,3.0,Cali,Unknown,app
203,1389,2024-01-27 02:15:00,43.99,1.0,MEDELLIN,Electronics,app
229,1318,1900-13-40 99:99:99,220.84,4.0,Medellin,Beauty,App
164,1077,2024-01-27 03:45:00,108.59,3.0,Barranquilla,Grocery,WEB
227,1237,2024-01-27 04:30:00,43.07,3.0,Bquilla,Fashion,App
147,961,2024-01-27 05:15:00,6.11,,Medellin,Grocery,App
20,1044,2024-01-27 06:00:00,141.26,2.0,bogotá,Electrncs,Web
185,1115,2024-01-27 06:45:00,133.27,1.0,,Fashion,app
146,902,2024-01-27 07:30:00,,3.0,Bogota,Unknown,App
47,1059,2024-01-27 08:15:00,,2.0,MEDELLIN,Beauty,app
49,1126,2024-01-27 09:00:00,22.61,4.0,Bogota,,App
14,1385,2024-01-27 09:45:00,183.68,2.0,Bquilla,Electrncs,App
143,1168,2024-01-27 10:30:00,49.29,6.0,Medellin,Home,Web
159,1019,2024-01-27 11:15:00,,6.0,Cali,Unknown,WEB
1,1280,2024-01-27 12:00:00,,,,,WEB
117,1394,2024-01-27 12:45:00,136.58,3.0,,Home,App
54,988,2024-01-27 13:30:00,178.43,3.0,Cali,,Web
118,1228,2024-01-27 14:15:00,80.64,5.0,Cali,Home,
3,967,2024-01-27 15:00:00,,,Bquilla,,
144,1297,2024-01-27 15:45:00,205.94,4.0,Cali,Unknown,App
215,1256,2024-01-27 16:30:00,116.44,3.0,Medellin,Home,WEB
185,997,2024-01-27 17:15:00,91.38,1.0,Cali,,Web
203,1166,2024-01-27 18:00:00,,6.0,Barranquilla,Electrncs,WEB
12,1004,2024-01-27 18:45:00,207.58,4.0,Cali,Unknown,
74,1339,2024-01-27 19:30:00,85.8,4.0,,Beauty,WEB
224,1222,2024-01-27 20:15:00,45.92,3.0,Bogota,Grocery,app
16,1022,2024-01-27 21:00:00,178.87,4.0,Medellin,Beauty,
200,1375,2024-01-27 21:45:00,207.02,3.0,bogotá,Electronics,Web
102,928,2024-01-27 22:30:00,,2.0,Bogota,Electronics,App
204,1036,2024-01-27 23:15:00,62.25,,MEDELLIN,,App
152,1094,2024-01-28 00:00:00,38.07,5.0,Medellin,Unknown,WEB
156,1308,2024-01-28 00:45:00,88.94,2.0,,Electrncs,
117,1125,2024-01-28 01:30:00,114.24,6.0,Medellin,Fashion,Web
8,1231,2024-01-28 02:15:00,187.96,,MEDELLIN,Electrncs,App
122,1069,2024-01-28 03:00:00,163.83,,MEDELLIN,Fashion,app
92,908,2024-01-28 03:45:00,156.37,3.0,MEDELLIN,Fashion,WEB
164,1362,2024-01-28 04:30:00,90.04,2.0,Bquilla,Electrncs,
90,939,1900-13-40 99:99:99,210.84,1.0,bogotá,Unknown,App
136,924,2024-01-28 06:00:00,,1.0,Cali,Beauty,Web
186,1160,2024-01-28 06:45:00,244.84,6.0,Medellin,Fashion,App
60,1294,2024-01-28 07:30:00,159.63,,Bquilla,Grocery,
178,1342,2024-01-28 08:15:00,34.19,3.0,Cali,Electrncs,App
28,1125,2024-01-28 09:00:00,170.02,4.0,,Electrncs,App
220,1371,2024-01-28 09:45:00,83.3,3.0,Barranquilla,Electronics,app
101,1023,2024-01-28 10:30:00,,4.0,MEDELLIN,Beauty,app
41,1362,2024-01-28 11:15:00,20.2,,bogotá,Electronics,Web
228,937,2024-01-28 12:00:00,,,Barranquilla,Electrncs,App
192,1227,2024-01-28 12:45:00,,4.0,Bogota,Electrncs,app
155,1150,2024-01-28 13:30:00,59.11,1.0,Bquilla,Fashion,Web
191,1288,2024-01-28 14:15:00,209.75,3.0,,Beauty,App
145,1075,2024-01-28 15:00:00,71.98,2.0,bogotá,Home,WEB
201,989,2024-01-28 15:45:00,161.79,1.0,Cali,Grocery,app
161,1301,2024-01-28 16:30:00,174.46,,Bquilla,Fashion,Web
212,1353,2024-01-28 17:15:00,129.63,5.0,,Electrncs,WEB
205,936,2024-01-28 18:00:00,78.41,3.0,Bquilla,Fashion,
220,1215,2024-01-28 18:45:00,55.52,,Bquilla,Grocery,App
157,1075,2024-01-28 19:30:00,11.2,3.0,MEDELLIN,Electrncs,App
141,1360,2024-01-28 20:15:00,78.07,5.0,Bogota,,app
46,1183,2024-01-28 21:00:00,164.33,3.0,MEDELLIN,,Web
35,1352,2024-01-28 21:45:00,234.76,6.0,Bogota,Fashion,WEB
134,1360,2024-01-28 22:30:00,218.19,4.0,Bquilla,Unknown,Web
82,980,2024-01-28 23:15:00,192.22,2.0,Barranquilla,,app
115,1013,2024-01-29 00:00:00,,6.0,Cali,Electronics,Web
197,939,2024-01-29 00:45:00,167.25,1.0,Bquilla,Beauty,app
47,1200,2024-01-29 01:30:00,67.29,5.0,Bogota,Beauty,App
153,1123,2024-01-29 02:15:00,,4.0,Bogota,Electronics,WEB
194,1217,2024-01-29 03:00:00,168.67,1.0,,Electrncs,App
10,1248,1900-13-40 99:99:99,141.43,1.0,Bquilla,,Web
56,1014,2024-01-29 04:30:00,30.41,5.0,bogotá,Grocery,
30,1085,2024-01-29 05:15:00,113.42,,Barranquilla,Beauty,WEB
109,1222,2024-01-29 06:00:00,116.71,1.0,bogotá,Beauty,
5,955,2024-01-29 06:45:00,216.55,1.0,Cali,Electronics,WEB
119,939,2024-01-29 07:30:00,138.02,4.0,Bquilla,Electrncs,WEB
33,1253,2024-01-29 08:15:00,96.96,3.0,Bogota,Home,App
118,939,2024-01-29 09:00:00,244.27,1.0,Barranquilla,Beauty,app
65,1246,2024-01-29 09:45:00,30.35,2.0,Barranquilla,Unknown,
146,1360,2024-01-29 10:30:00,,4.0,Medellin,Beauty,app
224,1136,2024-01-29 11:15:00,13.38,1.0,Cali,Home,app
177,1188,2024-01-29 12:00:00,185.76,5.0,Barranquilla,,App
11,1161,2024-01-29 12:45:00,229.76,6.0,Bquilla,Home,Web
85,1115,2024-01-29 13:30:00,72.17,2.0,Bogota,,Web
26,1046,2024-01-29 14:15:00,215.01,6.0,Bogota,Grocery,app
63,1235,2024-01-29 15:00:00,75.18,6.0,Barranquilla,,App
217,1067,2024-01-29 15:45:00,,1.0,,Grocery,Web
86,991,2024-01-29 16:30:00,189.23,2.0,,,app
59,1252,2024-01-29 17:15:00,201.81,2.0,Bogota,,Web
27,958,2024-01-29 18:00:00,,3.0,,Unknown,App
177,958,2024-01-29 18:45:00,240.81,6.0,Bogota,Fashion,
205,1203,2024-01-29 19:30:00,,,Barranquilla,,App
161,1068,2024-01-29 20:15:00,78.27,3.0,Cali,,Web
98,1168,2024-01-29 21:00:00,,4.0,Barranquilla,,WEB
105,1262,2024-01-29 21:45:00,,,,Unknown,
99,944,2024-01-29 22:30:00,218.57,5.0,Barranquilla,Beauty,WEB
129,1244,2024-01-29 23:15:00,30.81,1.0,Barranquilla,,App
149,1080,2024-01-30 00:00:00,,4.0,Bquilla,Unknown,app
55,1069,2024-01-30 00:45:00,136.55,4.0,,Grocery,WEB
6,1255,2024-01-30 01:30:00,,5.0,Bquilla,Fashion,App
220,1090,2024-01-30 02:15:00,62.75,,,Electrncs,App
209,1054,2024-01-30 03:00:00,,,Cali,Beauty,WEB
197,1321,2024-01-30 03:45:00,118.79,3.0,Medellin,,app
95,1087,2024-01-30 04:30:00,77.41,2.0,,Electronics,App
133,906,2024-01-30 05:15:00,,3.0,Bogota,Fashion,WEB
102,1032,2024-01-30 06:00:00,76.42,4.0,Bquilla,Grocery,app
3,1134,2024-01-30 06:45:00,77.08,1.0,Cali,Electronics,app
181,944,2024-01-30 07:30:00,186.57,3.0,Medellin,Home,App
23,1213,2024-01-30 08:15:00,14.89,1.0,MEDELLIN,Beauty,Web
229,1148,2024-01-30 09:00:00,226.02,1.0,Barranquilla,Beauty,
53,1398,2024-01-30 09:45:00,213.51,2.0,,Fashion,App
165,930,2024-01-30 10:30:00,167.95,2.0,Barranquilla,Unknown,app
202,922,2024-01-30 11:15:00,149.53,,bogotá,,App
202,1325,2024-01-30 12:00:00,223.4,,Bogota,Home,
83,1293,2024-01-30 12:45:00,48.78,1.0,Bquilla,Electronics,Web
145,1059,2024-01-30 13:30:00,22.51,5.0,Bogota,,WEB
85,1262,2024-01-30 14:15:00,62.16,4.0,bogotá,,App
78,1336,2024-01-30 15:00:00,199.26,1.0,bogotá,Home,App
201,1057,2024-01-30 15:45:00,,1.0,Bquilla,Unknown,app
110,938,2024-01-30 16:30:00,146.95,6.0,Cali,Fashion,app
1,1314,1900-13-40 99:99:99,248.87,5.0,bogotá,,app
51,981,2024-01-30 18:00:00,214.36,3.0,MEDELLIN,Electronics,WEB
173,1255,2024-01-30 18:45:00,,,Barranquilla,Grocery,
205,1157,2024-01-30 19:30:00,18.72,3.0,,Beauty,App
4,1105,2024-01-30 20:15:00,208.35,5.0,Medellin,Fashion,
190,976,2024-01-30 21:00:00,150.95,2.0,bogotá,Electrncs,Web
193,1376,2024-01-30 21:45:00,31.39,3.0,bogotá,Fashion,
113,911,2024-01-30 22:30:00,26.18,,MEDELLIN,Electronics,WEB
32,1194,2024-01-30 23:15:00,,2.0,Bogota,Unknown,
34,1349,2024-01-31 00:00:00,168.29,1.0,Bogota,Fashion,Web
92,1123,2024-01-31 00:45:00,207.83,3.0,Barranquilla,Electronics,Web
95,912,2024-01-31 01:30:00,,,Barranquilla,Electronics,
72,945,2024-01-31 02:15:00,144.23,6.0,Cali,Grocery,App
39,1054,2024-01-31 03:00:00,130.81,2.0,Bquilla,,app
154,1012,2024-01-31 03:45:00,109.32,2.0,MEDELLIN,Electronics,Web
162,1132,2024-01-31 04:30:00,,168.0,Bquilla,Grocery,
182,916,2024-01-31 05:15:00,110.35,3.0,Bquilla,Home,Web
118,1259,2024-01-31 06:00:00,194.15,4.0,Medellin,Electrncs,
3,1122,1900-13-40 99:99:99,151.68,3.0,Bquilla,,
123,1253,2024-01-31 07:30:00,223.45,5.0,Medellin,Grocery,WEB
50,1087,2024-01-31 08:15:00,112.51,6.0,Bquilla,Electronics,App
12,1347,2024-01-31 09:00:00,152.95,,MEDELLIN,Beauty,app
193,1243,2024-01-31 09:45:00,158.93,,Medellin,,
54,1264,1900-13-40 99:99:99,149.15,6.0,Bogota,Unknown,WEB
133,1062,2024-01-31 11:15:00,5649.6,1.0,Medellin,Beauty,app
222,1395,2024-01-31 12:00:00,61.65,3.0,Medellin,Grocery,app
222,1225,2024-01-31 12:45:00,129.55,6.0,MEDELLIN,Unknown,
57,1366,2024-01-31 13:30:00,28.74,3.0,MEDELLIN,Electronics,WEB
145,1313,2024-01-31 14:15:00,97.97,6.0,Medellin,Fashion,WEB
112,1354,2024-01-31 15:00:00,123.45,2.0,bogotá,Electrncs,WEB
47,973,2024-01-31 15:45:00,164.1,1.0,MEDELLIN,,app
151,1132,2024-01-31 16:30:00,,1.0,Cali,Grocery,app
207,1123,1900-13-40 99:99:99,,5.0,Cali,,Web
229,1381,2024-01-31 18:00:00,186.67,6.0,Bogota,,App
85,1218,2024-01-31 18:45:00,128.05,3.0,Bquilla,Electronics,Web
142,1311,2024-01-31 19:30:00,159.62,1.0,Medellin,Home,app
66,959,2024-01-31 20:15:00,20.52,1.0,bogotá,Grocery,WEB
75,1234,1900-13-40 99:99:99,,4.0,,Home,
179,1121,2024-01-31 21:45:00,92.38,,Medellin,Home,App
103,936,2024-01-31 22:30:00,,1.0,MEDELLIN,Beauty,Web
166,1376,2024-01-31 23:15:00,14.28,6.0,Cali,Electronics,Web
192,1177,2024-02-01 00:00:00,37.59,5.0,Barranquilla,Electrncs,WEB
226,1095,2024-02-01 00:45:00,71.37,1.0,bogotá,Electrncs,Web
38,1303,2024-02-01 01:30:00,242.97,2.0,Barranquilla,Home,
50,1251,2024-02-01 02:15:00,84.84,3.0,Cali,Electrncs,app
98,1383,2024-02-01 03:00:00,122.06,5.0,,Electronics,Web
82,1141,2024-02-01 03:45:00,51.44,,Bquilla,Beauty,Web
30,1223,2024-02-01 04:30:00,153.86,5.0,Barranquilla,Electronics,
79,1118,2024-02-01 05:15:00,72.33,2.0,MEDELLIN,Grocery,WEB
91,1091,2024-02-01 06:00:00,,3.0,,Home,WEB
179,916,2024-02-01 06:45:00,130.59,3.0,MEDELLIN,Electronics,
191,911,2024-02-01 07:30:00,4.36,4.0,Barranquilla,,Web
226,1305,2024-02-01 08:15:00,4.89,6.0,,Fashion,WEB
52,1300,2024-02-01 09:00:00,57.11,2.0,,Electronics,WEB
166,1293,2024-02-01 09:45:00,12.07,4.0,bogotá,Home,app
225,1273,2024-02-01 10:30:00,29.68,2.0,MEDELLIN,Beauty,App
216,1092,2024-02-01 11:15:00,86.7,,Cali,Electrncs,Web
79,921,1900-13-40 99:99:99,201.24,3.0,,Beauty,WEB
30,1373,2024-02-01 12:45:00,144.3,5.0,Bquilla,Home,app
106,1019,2024-02-01 13:30:00,129.63,4.0,Medellin,Electrncs,
51,1109,2024-02-01 14:15:00,75.49,,Barranquilla,Grocery,app
81,1205,2024-02-01 15:00:00,233.14,2.0,,Electrncs,WEB
133,1169,2024-02-01 15:45:00,101.06,,Medellin,Grocery,Web
29,1091,2024-02-01 16:30:00,24.51,,Bquilla,Beauty,
132,1074,2024-02-01 17:15:00,155.42,,Bogota,Beauty,Web
138,1184,2024-02-01 18:00:00,31.12,1.0,Bquilla,Home,app
184,1103,2024-02-01 18:45:00,,,Cali,Grocery,app
145,1063,2024-02-01 19:30:00,128.33,4.0,bogotá,Beauty,App
74,1150,2024-02-01 20:15:00,218.93,6.0,Bquilla,Grocery,Web
17,1126,2024-02-01 21:00:00,,5.0,MEDELLIN,Beauty,app
84,1335,2024-02-01 21:45:00,,3.0,Medellin,Electrncs,app
216,1280,2024-02-01 22:30:00,248.23,6.0,Bquilla,Electronics,
69,1359,2024-02-01 23:15:00,,4.0,bogotá,Fashion,app
34,906,2024-02-02 00:00:00,70.86,4.0,Cali,Electrncs,Web
6,928,2024-02-02 00:45:00,100.46,1.0,,Unknown,app
53,1294,2024-02-02 01:30:00,107.19,3.0,Medellin,Electronics,Web
194,932,2024-02-02 02:15:00,104.52,6.0,,Unknown,App
205,1033,2024-02-02 03:00:00,227.18,6.0,bogotá,Beauty,app
126,1266,2024-02-02 03:45:00,5381.1,2.0,,Fashion,App
43,978,2024-02-02 04:30:00,153.15,1.0,bogotá,Fashion,app
203,1315,2024-02-02 05:15:00,79.42,1.0,,Beauty,app
115,1334,2024-02-02 06:00:00,206.48,6.0,Cali,Beauty,
111,1358,2024-02-02 06:45:00,238.9,6.0,Cali,Grocery,
151,957,2024-02-02 07:30:00,,5.0,Cali,Beauty,App
183,1370,2024-02-02 08:15:00,3.39,5.0,Bquilla,Home,
80,925,2024-02-02 09:00:00,,5.0,MEDELLIN,Beauty,
95,1381,2024-02-02 09:45:00,15.63,1.0,bogotá,Home,Web
203,1329,2024-02-02 10:30:00,66.63,2.0,Medellin,Beauty,WEB
118,1125,2024-02-02 11:15:00,17.7,4.0,Barranquilla,Grocery,App
144,1184,2024-02-02 12:00:00,152.14,5.0,Cali,Home,Web
8,903,2024-02-02 12:45:00,,2.0,Bquilla,Electronics,app
132,1364,2024-02-02 13:30:00,31.28,3.0,Cali,Home,
104,998,2024-02-02 14:15:00,97.81,5.0,Barranquilla,Electrncs,App
132,1296,1900-13-40 99:99:99,115.69,4.0,Barranquilla,Grocery,WEB
184,1388,2024-02-02 15:45:00,94.16,3.0,bogotá,,App
25,938,2024-02-02 16:30:00,32.89,3.0,Cali,,App
195,1170,2024-02-02 17:15:00,106.48,4.0,Barranquilla,Electrncs,app
96,1274,2024-02-02 18:00:00,188.54,5.0,MEDELLIN,Electrncs,Web
195,1184,2024-02-02 18:45:00,20.54,1.0,MEDELLIN,,Web
155,1056,1900-13-40 99:99:99,22.8,4.0,,Beauty,WEB
93,974,2024-02-02 20:15:00,90.63,4.0,,Electrncs,app
160,1271,2024-02-02 21:00:00,235.61,4.0,Barranquilla,Beauty,Web
178,1187,2024-02-02 21:45:00,,3.0,bogotá,Unknown,app
61,1029,2024-02-02 22:30:00,170.63,2.0,bogotá,Grocery,
122,1074,2024-02-02 23:15:00,92.39,1.0,Bquilla,Fashion,app
51,1361,2024-02-03 00:00:00,149.63,5.0,bogotá,,WEB
147,983,1900-13-40 99:99:99,,5.0,Bogota,Electrncs,App
21,921,2024-02-03 01:30:00,160.12,2.0,Cali,Electrncs,
5,1358,2024-02-03 02:15:00,228.58,4.0,bogotá,Electronics,Web
210,926,2024-02-03 03:00:00,154.31,1.0,MEDELLIN,Electrncs,WEB
92,1094,2024-02-03 03:45:00,218.8,5.0,Barranquilla,Grocery,App
170,1236,2024-02-03 04:30:00,181.82,6.0,Medellin,Home,WEB
61,1281,2024-02-03 05:15:00,32.78,5.0,Bquilla,Home,Web
22,1135,1900-13-40 99:99:99,225.91,4.0,Medellin,Electrncs,Web
149,1339,2024-02-03 06:45:00,19.41,6.0,bogotá,Electronics,WEB
70,991,2024-02-03 07:30:00,134.89,2.0,Medellin,Beauty,App
1,1376,2024-02-03 08:15:00,38.11,,Medellin,Grocery,WEB
133,920,2024-02-03 09:00:00,5.89,2.0,Bogota,Electronics,App
12,1202,2024-02-03 09:45:00,,2.0,MEDELLIN,Beauty,app
90,1363,2024-02-03 10:30:00,,,Bquilla,Grocery,App
46,1256,2024-02-03 11:15:00,123.04,1.0,MEDELLIN,Electrncs,app
34,1342,2024-02-03 12:00:00,145.57,5.0,,,WEB
177,983,2024-02-03 12:45:00,13.8,5.0,Bogota,Grocery,App
78,1161,2024-02-03 13:30:00,33.38,1.0,Medellin,Electrncs,app
218,1046,2024-02-03 14:15:00,,6.0,Cali,Unknown,
45,1340,2024-02-03 15:00:00,87.76,3.0,Barranquilla,,
155,1352,2024-02-03 15:45:00,183.11,5.0,Barranquilla,Grocery,Web
73,1286,2024-02-03 16:30:00,164.12,3.0,Medellin,,
26,1156,2024-02-03 17:15:00,211.86,6.0,,,app
47,957,2024-02-03 18:00:00,174.05,1.0,Bogota,Fashion,
121,1279,2024-02-03 18:45:00,109.19,6.0,MEDELLIN,,app
214,1321,1900-13-40 99:99:99,169.22,5.0,Barranquilla,Home,
56,914,2024-02-03 20:15:00,71.02,2.0,Bquilla,Beauty,WEB
94,1061,2024-02-03 21:00:00,78.66,,Medellin,Fashion,Web
107,1344,2024-02-03 21:45:00,197.88,4.0,Cali,Unknown,Web
63,1062,2024-02-03 22:30:00,,3.0,Medellin,Fashion,Web
48,1219,2024-02-03 23:15:00,,6.0,bogotá,Home,App
61,1396,2024-02-04 00:00:00,206.14,1.0,Medellin,Fashion,WEB
81,1180,2024-02-04 00:45:00,214.82,6.0,Bogota,Unknown,WEB
26,1179,2024-02-04 01:30:00,229.41,1.0,MEDELLIN,Electrncs,App
36,911,2024-02-04 02:15:00,2298.4500000000003,5.0,MEDELLIN,Unknown,WEB
1,1173,2024-02-04 03:00:00,81.76,5.0,Bquilla,Electronics,
8,1170,2024-02-04 03:45:00,146.8,5.0,Barranquilla,Home,WEB
113,1391,2024-02-04 04:30:00,94.68,6.0,Bogota,Electrncs,
99,1107,2024-02-04 05:15:00,151.47,,,Electronics,Web
180,926,2024-02-04 06:00:00,177.28,5.0,Bogota,Home,App
207,971,2024-02-04 06:45:00,173.04,1.0,Medellin,Electrncs,
47,959,2024-02-04 07:30:00,95.51,5.0,Bogota,,Web
127,1329,2024-02-04 08:15:00,44.21,2.0,Bogota,Electrncs,Web
56,1372,2024-02-04 09:00:00,109.34,5.0,,Unknown,WEB
214,1044,2024-02-04 09:45:00,38.22,6.0,,Electronics,Web
14,992,2024-02-04 10:30:00,222.85,4.0,Medellin,Fashion,
218,1208,2024-02-04 11:15:00,,2.0,Cali,Unknown,WEB
28,907,2024-02-04 12:00:00,41.15,,Bquilla,Home,app
215,978,2024-02-04 12:45:00,9.29,6.0,Cali,Electrncs,App
78,926,2024-02-04 13:30:00,162.52,6.0,Bquilla,Unknown,app
216,1073,2024-02-04 14:15:00,160.31,1.0,,Fashion,app
130,949,2024-02-04 15:00:00,87.13,6.0,Bquilla,Electronics,app
109,1399,2024-02-04 15:45:00,20.71,1.0,Barranquilla,Electronics,Web
154,1098,2024-02-04 16:30:00,104.18,6.0,Bogota,Electrncs,App
14,1286,2024-02-04 17:15:00,79.87,3.0,,Unknown,App
187,1248,2024-02-04 18:00:00,170.25,2.0,bogotá,Fashion,Web
56,1347,2024-02-04 18:45:00,,3.0,Cali,Grocery,WEB
115,1327,1900-13-40 99:99:99,,6.0,Bquilla,,app
7,1080,2024-02-04 20:15:00,56.82,2.0,Bogota,Home,App
3,923,2024-02-04 21:00:00,247.04,2.0,bogotá,Fashion,Web
111,1215,2024-02-04 21:45:00,115.14,4.0,Barranquilla,Grocery,app
151,1277,2024-02-04 22:30:00,173.0,3.0,bogotá,Electronics,WEB
107,1286,2024-02-04 23:15:00,37.72,4.0,Bogota,Electrncs,WEB
18,1303,1900-13-40 99:99:99,122.94,2.0,,Beauty,app
38,945,2024-02-05 00:45:00,9.8,1.0,,Beauty,WEB
227,914,2024-02-05 01:30:00,127.85,2.0,Barranquilla,Electrncs,App
115,1052,2024-02-05 02:15:00,241.11,4.0,,Fashion,App
15,1121,2024-02-05 03:00:00,97.9,3.0,Bquilla,,App
192,1105,2024-02-05 03:45:00,12.63,6.0,Bogota,Grocery,WEB
217,1354,2024-02-05 04:30:00,10.65,,Bogota,Home,App
119,1172,2024-02-05 05:15:00,98.83,3.0,Barranquilla,Electronics,
229,1281,2024-02-05 06:00:00,,90.0,Medellin,Unknown,App
28,1135,2024-02-05 06:45:00,8.77,6.0,MEDELLIN,Grocery,App
202,1239,2024-02-05 07:30:00,189.78,4.0,,,WEB
39,1127,2024-02-05 08:15:00,116.26,3.0,bogotá,Unknown,App
185,908,1900-13-40 99:99:99,74.44,5.0,Medellin,Beauty,app
17,1065,2024-02-05 09:45:00,225.32,1.0,Medellin,Unknown,Web
86,1331,2024-02-05 10:30:00,31.69,1.0,Medellin,Electronics,WEB
218,1343,2024-02-05 11:15:00,239.11,6.0,Cali,Electrncs,Web
126,1218,2024-02-05 12:00:00,80.55,1.0,Cali,Electronics,app
44,1113,2024-02-05 12:45:00,222.44,3.0,,Unknown,WEB
25,1016,2024-02-05 13:30:00,151.93,3.0,Cali,Fashion,WEB
145,1285,2024-02-05 14:15:00,207.2,2.0,Bquilla,Grocery,
13,1243,2024-02-05 15:00:00,246.05,2.0,Bquilla,Electrncs,Web
212,971,2024-02-05 15:45:00,,1.0,Bogota,Fashion,app
25,1294,2024-02-05 16:30:00,240.4,5.0,Barranquilla,Unknown,
68,963,2024-02-05 17:15:00,99.2,2.0,bogotá,,WEB
138,1104,2024-02-05 18:00:00,98.22,2.0,MEDELLIN,Home,App
67,1108,2024-02-05 18:45:00,87.08,3.0,Bogota,Fashion,WEB
109,971,2024-02-05 19:30:00,136.73,5.0,,Fashion,
146,1176,2024-02-05 20:15:00,41.07,6.0,,Unknown,WEB
111,1173,2024-02-05 21:00:00,,1.0,Barranquilla,,WEB
228,1377,2024-02-05 21:45:00,136.8,,Medellin,Unknown,app
111,1219,1900-13-40 99:99:99,191.19,5.0,,Fashion,
214,1237,2024-02-05 23:15:00,208.91,,Bogota,Grocery,
34,1265,2024-02-06 00:00:00,111.79,1.0,Medellin,Beauty,WEB
111,1394,2024-02-06 00:45:00,77.68,5.0,bogotá,Unknown,App
8,994,2024-02-06 01:30:00,67.06,5.0,Medellin,Electrncs,WEB
168,1065,2024-02-06 02:15:00,51.07,5.0,Cali,Unknown,app
113,931,2024-02-06 03:00:00,,,Medellin,Fashion,
83,910,2024-02-06 03:45:00,87.58,1.0,bogotá,Fashion,app
42,1200,2024-02-06 04:30:00,69.75,5.0,Barranquilla,,App
169,1116,2024-02-06 05:15:00,,5.0,,,app
101,1188,2024-02-06 06:00:00,140.75,2.0,MEDELLIN,Fashion,Web
6,1001,2024-02-06 06:45:00,88.78,,Medellin,Electrncs,WEB
180,1324,2024-02-06 07:30:00,146.38,3.0,Bquilla,Electronics,
26,1291,2024-02-06 08:15:00,37.38,,Bquilla,Beauty,WEB
64,1166,2024-02-06 09:00:00,112.68,1.0,bogotá,Electronics,WEB
226,1113,2024-02-06 09:45:00,157.68,,,Beauty,app
187,1078,2024-02-06 10:30:00,123.76,1.0,MEDELLIN,Electrncs,app
184,987,2024-02-06 11:15:00,102.24,1.0,,Unknown,app
59,940,1900-13-40 99:99:99,,6.0,MEDELLIN,Home,App
109,1300,2024-02-06 12:45:00,220.44,1.0,Bquilla,Fashion,
198,975,2024-02-06 13:30:00,156.98,3.0,Barranquilla,Fashion,App
229,1276,2024-02-06 14:15:00,143.64,,bogotá,Fashion,app
121,945,2024-02-06 15:00:00,156.3,,bogotá,Unknown,WEB
33,1059,2024-02-06 15:45:00,52.72,5.0,Medellin,Beauty,App
181,1362,2024-02-06 16:30:00,100.6,3.0,Medellin,Electrncs,
150,979,2024-02-06 17:15:00,12.75,5.0,Medellin,Fashion,App
21,1209,2024-02-06 18:00:00,120.46,,Bquilla,,App
198,985,2024-02-06 18:45:00,137.13,3.0,,Fashion,Web
70,991,2024-02-06 19:30:00,59.25,2.0,,Unknown,App
112,1047,2024-02-06 20:15:00,,4.0,,Electrncs,WEB
4,1060,2024-02-06 21:00:00,227.64,1.0,Bquilla,,app
94,1101,2024-02-06 21:45:00,181.37,,Bquilla,Electrncs,Web
75,1323,1900-13-40 99:99:99,134.75,4.0,Barranquilla,,app
190,1315,2024-02-06 23:15:00,217.88,1.0,Bquilla,Fashion,WEB
62,1141,2024-02-07 00:00:00,35.27,1.0,,Fashion,Web
94,1252,2024-02-07 00:45:00,,,MEDELLIN,Grocery,app
95,901,2024-02-07 01:30:00,,1.0,Cali,Beauty,app
152,1124,2024-02-07 02:15:00,,6.0,,Electronics,WEB
55,1188,2024-02-07 03:00:00,71.11,1.0,Medellin,Grocery,
137,1132,2024-02-07 03:45:00,219.64,3.0,Bogota,,WEB
131,1360,2024-02-07 04:30:00,,4.0,Bquilla,Home,App
31,1313,2024-02-07 05:15:00,39.75,,Cali,Beauty,WEB
40,1316,2024-02-07 06:00:00,117.28,6.0,Bogota,Electronics,App
229,976,2024-02-07 06:45:00,245.3,1.0,,Fashion,Web
36,1015,2024-02-07 07:30:00,122.4,6.0,Cali,Electrncs,
152,1053,2024-02-07 08:15:00,216.3,5.0,Cali,Electronics,WEB
223,1305,2024-02-07 09:00:00,148.42,3.0,bogotá,,WEB
6,1002,2024-02-07 09:45:00,95.71,3.0,MEDELLIN,Beauty,app
66,1093,2024-02-07 10:30:00,73.59,2.0,MEDELLIN,Fashion,app
212,1065,2024-02-07 11:15:00,53.2,1.0,Barranquilla,Home,Web
179,1114,2024-01-20 21:00:00,161.65,4.0,MEDELLIN,Fashion,
99,1342,2024-01-22 08:15:00,235.35,,,Fashion,WEB
111,1358,2024-02-02 06:45:00,238.9,6.0,Cali,Grocery,
71,946,2024-01-06 22:30:00,137.49,1.0,bogotá,Electronics,App
56,914,2024-02-03 20:15:00,71.02,2.0,Bquilla,Beauty,WEB
198,962,2024-01-09 20:15:00,26.64,6.0,Medellin,Unknown,WEB
113,1324,2024-01-26 12:45:00,245.93,6.0,MEDELLIN,Unknown,app
220,1049,2024-01-10 19:30:00,19.7,,Bquilla,,
13,1072,2024-01-17 18:45:00,75.33,4.0,,,Web
105,1169,2024-01-21 18:00:00,,2.0,,Electronics,app
113,1026,2024-01-08 11:15:00,153.75,1.0,,Home,App
123,1003,2024-01-05 05:15:00,,6.0,Medellin,,Web
160,1123,2024-01-11 11:15:00,,1.0,Barranquilla,Beauty,App
160,1056,2024-01-06 21:45:00,,5.0,,Home,app
227,1237,2024-01-27 04:30:00,43.07,3.0,Bquilla,Fashion,App
42,1236,2024-01-11 00:45:00,83.11,5.0,bogotá,Electrncs,
109,971,2024-02-05 19:30:00,136.73,5.0,,Fashion,
225,1215,2024-01-08 03:00:00,,4.0,Barranquilla,Grocery,app
135,1108,2024-01-16 00:00:00,,3.0,,Home,App
104,998,2024-02-02 14:15:00,97.81,5.0,Barranquilla,Electrncs,App
225,1273,2024-02-01 10:30:00,29.68,2.0,MEDELLIN,Beauty,App
161,1079,2024-01-10 13:30:00,,4.0,Bquilla,,WEB
1,1173,2024-02-04 03:00:00,81.76,5.0,Bquilla,Electronics,
89,954,2024-01-18 18:00:00,194.78,5.0,,Home,App
3,1040,2024-01-07 21:00:00,,5.0,Medellin,Beauty,WEB
149,1277,2024-01-26 23:15:00,106.19,4.0,MEDELLIN,Fashion,Web
144,1126,1900-13-40 99:99:99,210.65,2.0,bogotá,Electrncs,app
185,1142,2024-01-07 04:30:00,61.67,2.0,MEDELLIN,Electrncs,app
63,1235,2024-01-29 15:00:00,75.18,6.0,Barranquilla,,App
32,1295,2024-01-15 05:15:00,67.17,6.0,Medellin,Electronics,WEB
8,994,2024-02-06 01:30:00,67.06,5.0,Medellin,Electrncs,WEB
169,1116,2024-02-06 05:15:00,,5.0,,,app
90,1363,2024-02-03 10:30:00,,,Bquilla,Grocery,App
141,1248,2024-01-23 03:00:00,,4.0,MEDELLIN,Beauty,App
53,1307,2024-01-03 00:45:00,,1.0,Bogota,Electrncs,App
190,1033,2024-01-07 14:15:00,87.29,1.0,Bquilla,Grocery,
